<?xml version="1.0" encoding="utf-8"?>
<Window size="1024,113">
	<Font name="微软雅黑" size="14" default="true" />
	<HorizontalLayout >
		<HorizontalLayout  height="24" inset="10,0,10,0">
			<Label name="Label1" text="缺陷号" height="24" align="center"  bordersize="1" bordercolor="0x66000000" valign="center"  />
			<Label name="Label2" text="通道号"  height="24" align="center"  bordersize="1" bordercolor="0x66000000" valign="center"  />
			<Label name="Label3" text="探架号"  height="24" align="center"  bordersize="1" bordercolor="0x66000000" valign="center"/>
			<Label name="Label4" text="径向距离" height="24" align="center"  bordersize="1" bordercolor="0x66000000" valign="center"/>
			<Label name="Label5" text="轴向距离"  height="24" align="center" bordersize="1"  bordercolor="0x66000000"  valign="center" />
			<Label name="Label6" text="角度"  height="24" align="center" bordersize="1" bordercolor="0x66000000" valign="center" />
			<Label name="Label7" text="波高"  height="24" align="center" bordersize="1" bordercolor="0x66000000" valign="center"/>
			<Label name="Label8" text="dB差"  height="24" align="center" bordersize="1" bordercolor="0x66000000" valign="center" />
			<Label name="Label9" text="透声"  height="24" align="center"  bordersize="1" bordercolor="0x66000000" valign="center" />
			<Label name="Label10" text="灵敏度"  height="24" align="center" bordersize="1" bordercolor="0x66000000"  valign="center" />
			<Label name="Label11" text="通道内索引不显示" visible="false"  height="24" align="center" bordersize="1" bordercolor="0x66000000"  valign="center" />
			<Label name="Label12" text="起始帧位置" visible="false"  height="24" align="center" bordersize="1" bordercolor="0x66000000"  valign="center" />
			<Label name="Label13" text="结束帧位置" visible="false"  height="24" align="center" bordersize="1" bordercolor="0x66000000"  valign="center" />
		</HorizontalLayout>
	</HorizontalLayout>
</Window>