<?xml version="1.0" encoding="utf-8"?>
<Window size="1024,113">
	<HorizontalLayout inset="2,2,2,2">
		<HorizontalLayout>
			<HorizontalLayout width="5" >
			<Label name="LabelFileIndex" height="5" textcolor="0xFF000000" textpadding="4,0,0,0" align="left" font="4"/>
			</HorizontalLayout>
			<Label name="LabelIcon" width="1" hotbkcolor="0x4F5080A0"/>
			<VerticalLayout width="10"/>
			<VerticalLayout>
					
				<Label name="LabelFileName" height="32" textcolor="0xFF000000" textpadding="4,0,0,0" align="left" font="4"/>
	
				<Label name="LabelFileInfo" height="32" textcolor="0xFF7F7F7F" textpadding="4,0,0,0" align="left" font="0"/>
			<VerticalLayout height="1" bkcolor="0x66000000"  />
			
			</VerticalLayout>
		</HorizontalLayout>
	</HorizontalLayout>
</Window>