<?xml version="1.0" encoding="utf-8"?>
<Window size="600,500" caption="5,5,5,52" sizebox="10,10,10,10" mininfo="640,480">
	<Font name="楷体" size="14" default="true"/>
	<Font name="楷体" size="18" />
	<Font name="楷体" size="24" />
	<Font name="楷体" size="32" />
	<Font name="楷体" size="14" bold="true"/>
	<Font name="楷体" size="18" bold="true"/>
	<Font name="楷体" size="24" bold="true"/>
	<Font name="楷体" size="32" bold="true"/>

	<Default name="VScrollBar" value="button1normalimage=&quot;file='Theme\Scrollbar\scrollbar.bmp' source='0,90,16,106' mask='#FFFF00FF'&quot; button1hotimage=&quot;file='Theme\Scrollbar\scrollbar.bmp' source='18,90,34,106' mask='#FFFF00FF'&quot; button1pushedimage=&quot;file='Theme\Scrollbar\scrollbar.bmp' source='36,90,52,106' mask='#FFFF00FF'&quot; button1disabledimage=&quot;file='Theme\Scrollbar\scrollbar.bmp' source='54,90,70,106' mask='#FFFF00FF'&quot; button2normalimage=&quot;file='Theme\Scrollbar\scrollbar.bmp' source='0,108,16,124' mask='#FFFF00FF'&quot; button2hotimage=&quot;file='Theme\Scrollbar\scrollbar.bmp' source='18,108,34,124' mask='#FFFF00FF'&quot; button2pushedimage=&quot;file='Theme\Scrollbar\scrollbar.bmp' source='36,108,52,124' mask='#FFFF00FF'&quot; button2disabledimage=&quot;file='Theme\Scrollbar\scrollbar.bmp' source='54,108,70,124' mask='#FFFF00FF'&quot; thumbnormalimage=&quot;file='Theme\Scrollbar\scrollbar.bmp' source='0,126,16,142' corner='2,2,2,2' mask='#FFFF00FF'&quot; thumbhotimage=&quot;file='Theme\Scrollbar\scrollbar.bmp' source='18,126,34,142' corner='2,2,2,2' mask='#FFFF00FF'&quot; thumbpushedimage=&quot;file='Theme\Scrollbar\scrollbar.bmp' source='36,126,52,142' corner='2,2,2,2' mask='#FFFF00FF'&quot; thumbdisabledimage=&quot;file='Theme\Scrollbar\scrollbar.bmp' source='54,126,70,142' corner='2,2,2,2' mask='#FFFF00FF'&quot; railnormalimage=&quot;file='Theme\Scrollbar\scrollbar.bmp' source='0,144,16,160' corner='2,2,2,2' mask='#FFFF00FF'&quot; railhotimage=&quot;file='Theme\Scrollbar\scrollbar.bmp' source='18,144,34,160' corner='2,2,2,2' mask='#FFFF00FF'&quot; railpushedimage=&quot;file='Theme\Scrollbar\scrollbar.bmp' source='36,144,52,160' corner='2,2,2,2' mask='#FFFF00FF'&quot; raildisabledimage=&quot;file='Theme\Scrollbar\scrollbar.bmp' source='54,144,70,160' corner='2,2,2,2' mask='#FFFF00FF'&quot; bknormalimage=&quot;file='Theme\Scrollbar\scrollbar.bmp' source='0,162,16,178' corner='2,2,2,2' mask='#FFFF00FF'&quot; bkhotimage=&quot;file='Theme\Scrollbar\scrollbar.bmp' source='18,162,34,178' corner='2,2,2,2' mask='#FFFF00FF'&quot; bkpushedimage=&quot;file='Theme\Scrollbar\scrollbar.bmp' source='36,162,52,178' corner='2,2,2,2' mask='#FFFF00FF'&quot; bkdisabledimage=&quot;file='Theme\Scrollbar\scrollbar.bmp' source='54,162,70,178' corner='2,2,2,2' mask='#FFFF00FF'&quot; " />
	<Default name="HScrollBar" value="button1normalimage=&quot;file='Theme\Scrollbar\scrollbar.bmp' source='0,0,16,16' mask='#FFFF00FF'&quot; button1hotimage=&quot;file='Theme\Scrollbar\scrollbar.bmp' source='18,0,34,16' mask='#FFFF00FF'&quot; button1pushedimage=&quot;file='Theme\Scrollbar\scrollbar.bmp' source='36,0,52,16' mask='#FFFF00FF'&quot; button1disabledimage=&quot;file='Theme\Scrollbar\scrollbar.bmp' source='54,0,70,16' mask='#FFFF00FF'&quot; button2normalimage=&quot;file='Theme\Scrollbar\scrollbar.bmp' source='0,18,16,34' mask='#FFFF00FF'&quot; button2hotimage=&quot;file='Theme\Scrollbar\scrollbar.bmp' source='18,18,34,34' mask='#FFFF00FF'&quot; button2pushedimage=&quot;file='Theme\Scrollbar\scrollbar.bmp' source='36,18,52,34' mask='#FFFF00FF'&quot; button2disabledimage=&quot;file='Theme\Scrollbar\scrollbar.bmp' source='54,18,70,34' mask='#FFFF00FF'&quot; thumbnormalimage=&quot;file='Theme\Scrollbar\scrollbar.bmp' source='0,36,16,52' corner='2,2,2,2' mask='#FFFF00FF'&quot; thumbhotimage=&quot;file='Theme\Scrollbar\scrollbar.bmp' source='18,36,34,52' corner='2,2,2,2' mask='#FFFF00FF'&quot; thumbpushedimage=&quot;file='Theme\Scrollbar\scrollbar.bmp' source='36,36,52,52' corner='2,2,2,2' mask='#FFFF00FF'&quot; thumbdisabledimage=&quot;file='Theme\Scrollbar\scrollbar.bmp' source='54,36,70,52' corner='2,2,2,2' mask='#FFFF00FF'&quot; railnormalimage=&quot;file='Theme\Scrollbar\scrollbar.bmp' source='0,54,16,70' corner='2,2,2,2' mask='#FFFF00FF'&quot; railhotimage=&quot;file='Theme\Scrollbar\scrollbar.bmp' source='18,54,34,70' corner='2,2,2,2' mask='#FFFF00FF'&quot; railpushedimage=&quot;file='Theme\Scrollbar\scrollbar.bmp' source='36,54,52,70' corner='2,2,2,2' mask='#FFFF00FF'&quot; raildisabledimage=&quot;file='Theme\Scrollbar\scrollbar.bmp' source='54,54,70,70' corner='2,2,2,2' mask='#FFFF00FF'&quot; bknormalimage=&quot;file='Theme\Scrollbar\scrollbar.bmp' source='0,72,16,88' corner='2,2,2,2' mask='#FFFF00FF'&quot; bkhotimage=&quot;file='Theme\Scrollbar\scrollbar.bmp' source='18,72,34,88' corner='2,2,2,2' mask='#FFFF00FF'&quot; bkpushedimage=&quot;file='Theme\Scrollbar\scrollbar.bmp' source='36,72,52,88' corner='2,2,2,2' mask='#FFFF00FF'&quot; bkdisabledimage=&quot;file='Theme\Scrollbar\scrollbar.bmp' source='54,72,70,88' corner='2,2,2,2' mask='#FFFF00FF'&quot; " />
	<Default name="Button" value="align=&quot;center&quot; valign=&quot;center&quot; bkcolor=&quot;0xFFEEEEEE&quot; hotbkcolor=&quot;0xFF1874CD&quot;" />

	<VerticalLayout bkcolor="0xFFFEFEFE" bordersize="1" bordercolor="0xFFDDDDDD">
		<HorizontalLayout height="34" >
			<Label text="信息录入" font="0" bkimage="file='Theme\Button\union.png' dest='2,2,34,34'" textpadding="34,0,0,0" align="left" valign="center" />
		</HorizontalLayout>
		<VerticalLayout bkimage="Theme\Line\v_line.png" height="1"/>
		<HorizontalLayout>
		<HorizontalLayout inset="10,10,10,10">
			
		<VerticalLayout name="" >
			<HorizontalLayout inset="10,10,10,10">
				<VerticalLayout bkimage="file='Theme\Button\bkimage.png' corner='3,3,3,3'" inset="10,15,10,10">
		
					<VerticalLayout height="10"/>
					<Text name="TextThreadData"  text="踏面下发"    bkcolor="0xFFFEFEFE"  height="60"/>

					<VerticalLayout height="20"/>
					<Text  name="TextSideData" text="侧面下发"    bkcolor="0xFFFEFEFE"  height="60"/>

					<VerticalLayout height="20"/>

					<VerticalLayout />
					
					</VerticalLayout>
				<Label text="自动检测参数" float="true" pos="20,0,0,0" bkcolor="0xFFFEFEFE" width="60" height="20"/>
			</HorizontalLayout>
			
			
		</VerticalLayout>
		
			</HorizontalLayout>
			
		<HorizontalLayout inset="10,10,10,10">


			<VerticalLayout name="" >
				<HorizontalLayout inset="10,10,10,10">
					<VerticalLayout bkimage="file='Theme\Button\bkimage.png' corner='3,3,3,3'" inset="10,15,10,10">

						<VerticalLayout height="2"/>
						<HorizontalLayout height="33">
							<VerticalLayout>
								<HorizontalLayout />
								<HorizontalLayout height="28">
									<Label text="车轮型号:" valign="center" width="100"/>
									<Edit name="EditWheelModel" bordersize="1" bordercolor="0x7F7F7F7F"/>
								</HorizontalLayout>
								<HorizontalLayout />
							</VerticalLayout>
							<HorizontalLayout width="30"/>
						</HorizontalLayout>


						<VerticalLayout height="2"/>
						<HorizontalLayout height="33">
							<VerticalLayout>
								<HorizontalLayout />
								<HorizontalLayout height="28">
									<Label text="车轮炉号:" valign="center" width="100"/>
									<Edit name="EditHeatNumber" bordersize="1" bordercolor="0x7F7F7F7F"/>
								</HorizontalLayout>
								<HorizontalLayout />
							</VerticalLayout>
							<HorizontalLayout width="30"/>
						</HorizontalLayout>
						<VerticalLayout height="2"/>
						<HorizontalLayout height="33">
							<VerticalLayout>
								<HorizontalLayout />
								<HorizontalLayout height="28">
									<Label text="车轮编号:" valign="center" width="100"/>
									<Edit name="EditWheelNumber" bordersize="1" bordercolor="0x7F7F7F7F"/>
								</HorizontalLayout>
								<HorizontalLayout />
							</VerticalLayout>
							<HorizontalLayout width="30"/>
						</HorizontalLayout>
						<VerticalLayout height="2"/>
						<HorizontalLayout height="32"  name="LayDailyType">
							<Label text="日校类型:" valign="center" width="100"/>
							<Combo name="ComboDemodu" textpadding="4,1,1,1" normalimage="file='Theme\Combo\combo.png' source='0,0,100,22' corner='2,2,20,18'" hotimage="file='Theme\Combo\combo.png' source='0,22,100,44' corner='2,2,22,18'" pushedimage="file='Theme\Combo\combo.png' source='0,44,100,66' corner='2,2,22,18'" dropboxsize="0, 400">
								<ListLabelElement text="开工检" selected="true" height="35" />
								<ListLabelElement text="完工检" height="35" />

							</Combo>
							<HorizontalLayout width="28"/>
						</HorizontalLayout>
					</VerticalLayout>
					<Label text="车轮参数" float="true" pos="20,0,0,0" bkcolor="0xFFFEFEFE" width="60" height="20"/>
				</HorizontalLayout>
			</VerticalLayout>
		</HorizontalLayout>
		</HorizontalLayout>

		<Text text="请输入完车轮参数，点击确认将下发参数 自动开始，取消点击退出"  font="5"    bkcolor="0xFFFEFEFE"  height="60"/>
		<VerticalLayout bkimage="Theme\Line\v_line.png" height="1"/>

		<HorizontalLayout height="70" inset="10,15,10,10">
						<Button name="IDCONFIRMUPDOWM"  text="确认/自动开始" font="6" />
	<VerticalLayout width="20"/>
			<Button name="IDCANCELUPDOWM"  text="退出" font="6" />
	
		</HorizontalLayout>
		<VerticalLayout height="20"/>
	</VerticalLayout>
</Window>