<?xml version="1.0" encoding="utf-8"?>
<Window size="500,650" caption="5,5,5,52" sizebox="10,10,10,10" mininfo="640,480">
	<Font name="楷体" size="14" default="true"/>
	<Font name="楷体" size="18" />
	<Font name="楷体" size="24" />
	<Font name="楷体" size="32" />
	<Font name="楷体" size="14" bold="true"/>
	<Font name="楷体" size="18" bold="true"/>
	<Font name="楷体" size="24" bold="true"/>
	<Font name="楷体" size="32" bold="true"/>

	<Default name="VScrollBar" value="button1normalimage=&quot;file='Theme\Scrollbar\scrollbar.bmp' source='0,90,16,106' mask='#FFFF00FF'&quot; button1hotimage=&quot;file='Theme\Scrollbar\scrollbar.bmp' source='18,90,34,106' mask='#FFFF00FF'&quot; button1pushedimage=&quot;file='Theme\Scrollbar\scrollbar.bmp' source='36,90,52,106' mask='#FFFF00FF'&quot; button1disabledimage=&quot;file='Theme\Scrollbar\scrollbar.bmp' source='54,90,70,106' mask='#FFFF00FF'&quot; button2normalimage=&quot;file='Theme\Scrollbar\scrollbar.bmp' source='0,108,16,124' mask='#FFFF00FF'&quot; button2hotimage=&quot;file='Theme\Scrollbar\scrollbar.bmp' source='18,108,34,124' mask='#FFFF00FF'&quot; button2pushedimage=&quot;file='Theme\Scrollbar\scrollbar.bmp' source='36,108,52,124' mask='#FFFF00FF'&quot; button2disabledimage=&quot;file='Theme\Scrollbar\scrollbar.bmp' source='54,108,70,124' mask='#FFFF00FF'&quot; thumbnormalimage=&quot;file='Theme\Scrollbar\scrollbar.bmp' source='0,126,16,142' corner='2,2,2,2' mask='#FFFF00FF'&quot; thumbhotimage=&quot;file='Theme\Scrollbar\scrollbar.bmp' source='18,126,34,142' corner='2,2,2,2' mask='#FFFF00FF'&quot; thumbpushedimage=&quot;file='Theme\Scrollbar\scrollbar.bmp' source='36,126,52,142' corner='2,2,2,2' mask='#FFFF00FF'&quot; thumbdisabledimage=&quot;file='Theme\Scrollbar\scrollbar.bmp' source='54,126,70,142' corner='2,2,2,2' mask='#FFFF00FF'&quot; railnormalimage=&quot;file='Theme\Scrollbar\scrollbar.bmp' source='0,144,16,160' corner='2,2,2,2' mask='#FFFF00FF'&quot; railhotimage=&quot;file='Theme\Scrollbar\scrollbar.bmp' source='18,144,34,160' corner='2,2,2,2' mask='#FFFF00FF'&quot; railpushedimage=&quot;file='Theme\Scrollbar\scrollbar.bmp' source='36,144,52,160' corner='2,2,2,2' mask='#FFFF00FF'&quot; raildisabledimage=&quot;file='Theme\Scrollbar\scrollbar.bmp' source='54,144,70,160' corner='2,2,2,2' mask='#FFFF00FF'&quot; bknormalimage=&quot;file='Theme\Scrollbar\scrollbar.bmp' source='0,162,16,178' corner='2,2,2,2' mask='#FFFF00FF'&quot; bkhotimage=&quot;file='Theme\Scrollbar\scrollbar.bmp' source='18,162,34,178' corner='2,2,2,2' mask='#FFFF00FF'&quot; bkpushedimage=&quot;file='Theme\Scrollbar\scrollbar.bmp' source='36,162,52,178' corner='2,2,2,2' mask='#FFFF00FF'&quot; bkdisabledimage=&quot;file='Theme\Scrollbar\scrollbar.bmp' source='54,162,70,178' corner='2,2,2,2' mask='#FFFF00FF'&quot; " />
	<Default name="HScrollBar" value="button1normalimage=&quot;file='Theme\Scrollbar\scrollbar.bmp' source='0,0,16,16' mask='#FFFF00FF'&quot; button1hotimage=&quot;file='Theme\Scrollbar\scrollbar.bmp' source='18,0,34,16' mask='#FFFF00FF'&quot; button1pushedimage=&quot;file='Theme\Scrollbar\scrollbar.bmp' source='36,0,52,16' mask='#FFFF00FF'&quot; button1disabledimage=&quot;file='Theme\Scrollbar\scrollbar.bmp' source='54,0,70,16' mask='#FFFF00FF'&quot; button2normalimage=&quot;file='Theme\Scrollbar\scrollbar.bmp' source='0,18,16,34' mask='#FFFF00FF'&quot; button2hotimage=&quot;file='Theme\Scrollbar\scrollbar.bmp' source='18,18,34,34' mask='#FFFF00FF'&quot; button2pushedimage=&quot;file='Theme\Scrollbar\scrollbar.bmp' source='36,18,52,34' mask='#FFFF00FF'&quot; button2disabledimage=&quot;file='Theme\Scrollbar\scrollbar.bmp' source='54,18,70,34' mask='#FFFF00FF'&quot; thumbnormalimage=&quot;file='Theme\Scrollbar\scrollbar.bmp' source='0,36,16,52' corner='2,2,2,2' mask='#FFFF00FF'&quot; thumbhotimage=&quot;file='Theme\Scrollbar\scrollbar.bmp' source='18,36,34,52' corner='2,2,2,2' mask='#FFFF00FF'&quot; thumbpushedimage=&quot;file='Theme\Scrollbar\scrollbar.bmp' source='36,36,52,52' corner='2,2,2,2' mask='#FFFF00FF'&quot; thumbdisabledimage=&quot;file='Theme\Scrollbar\scrollbar.bmp' source='54,36,70,52' corner='2,2,2,2' mask='#FFFF00FF'&quot; railnormalimage=&quot;file='Theme\Scrollbar\scrollbar.bmp' source='0,54,16,70' corner='2,2,2,2' mask='#FFFF00FF'&quot; railhotimage=&quot;file='Theme\Scrollbar\scrollbar.bmp' source='18,54,34,70' corner='2,2,2,2' mask='#FFFF00FF'&quot; railpushedimage=&quot;file='Theme\Scrollbar\scrollbar.bmp' source='36,54,52,70' corner='2,2,2,2' mask='#FFFF00FF'&quot; raildisabledimage=&quot;file='Theme\Scrollbar\scrollbar.bmp' source='54,54,70,70' corner='2,2,2,2' mask='#FFFF00FF'&quot; bknormalimage=&quot;file='Theme\Scrollbar\scrollbar.bmp' source='0,72,16,88' corner='2,2,2,2' mask='#FFFF00FF'&quot; bkhotimage=&quot;file='Theme\Scrollbar\scrollbar.bmp' source='18,72,34,88' corner='2,2,2,2' mask='#FFFF00FF'&quot; bkpushedimage=&quot;file='Theme\Scrollbar\scrollbar.bmp' source='36,72,52,88' corner='2,2,2,2' mask='#FFFF00FF'&quot; bkdisabledimage=&quot;file='Theme\Scrollbar\scrollbar.bmp' source='54,72,70,88' corner='2,2,2,2' mask='#FFFF00FF'&quot; " />
	<Default name="Button" value="align=&quot;center&quot; valign=&quot;center&quot; bkcolor=&quot;0xFFEEEEEE&quot; hotbkcolor=&quot;0xFF1874CD&quot;" />

	<VerticalLayout bkcolor="0xFFFEFEFE" bordersize="1" bordercolor="0xFFDDDDDD">
		<HorizontalLayout height="34" >
			<Label text="DAC设置" font="0" bkimage="file='Theme\Button\union.png' dest='2,2,34,34'" textpadding="34,0,0,0" align="left" valign="center" />
		</HorizontalLayout>
		<VerticalLayout bkimage="Theme\Line\v_line.png" height="1"/>
		<HorizontalLayout inset="10,10,10,10">


			<VerticalLayout name="" >
				<HorizontalLayout inset="10,10,10,10">
					<VerticalLayout bkimage="file='Theme\Button\bkimage.png' corner='3,3,3,3'" inset="10,15,10,10">

						<VerticalLayout height="2"/>
						<HorizontalLayout height="32" >
							<Label text="DAC孔径:" valign="center" width="79"/>
							<Combo name="ComDACAperture" textpadding="4,1,1,1" normalimage="file='Theme\Combo\combo.png' source='0,0,100,22' corner='2,2,20,18'" hotimage="file='Theme\Combo\combo.png' source='0,22,100,44' corner='2,2,22,18'" pushedimage="file='Theme\Combo\combo.png' source='0,44,100,66' corner='2,2,22,18'" dropboxsize="0, 400">
								<ListLabelElement text="Ф2" selected="true" height="35" />
								<ListLabelElement text="Ф3" height="35" />
							</Combo>
							<HorizontalLayout width="28"/>
						</HorizontalLayout>
						
						<VerticalLayout height="2"/>
						<HorizontalLayout height="32" >
							<Label text="采样孔数:" valign="center" width="79"/>
							<Combo name="ComUseHole" textpadding="4,1,1,1" normalimage="file='Theme\Combo\combo.png' source='0,0,100,22' corner='2,2,20,18'" hotimage="file='Theme\Combo\combo.png' source='0,22,100,44' corner='2,2,22,18'" pushedimage="file='Theme\Combo\combo.png' source='0,44,100,66' corner='2,2,22,18'" dropboxsize="0, 400">
								<ListLabelElement text="3" selected="true" height="35" />
								<ListLabelElement text="4" height="35" />
								<ListLabelElement text="5" height="35" />
							</Combo>
							<HorizontalLayout width="28"/>
						</HorizontalLayout>

						<VerticalLayout height="2"/>
						<HorizontalLayout height="33">
							<VerticalLayout>
								<HorizontalLayout />
								<HorizontalLayout height="28">
									<Label text="判废线:" valign="center" width="80"/>
									<Edit name="EditLineRL" textext="dB" bordersize="1" bordercolor="0x7F7F7F7F"/>
								</HorizontalLayout>
								<HorizontalLayout />
							</VerticalLayout>
							<HorizontalLayout width="10"/>
							<VerticalLayout width="16">
								<Button name="BtnSpin" userdata="EditLineRL:1.0" clicktype="1" height="16" bkimage="file='Theme\Scrollbar\scrollbar.bmp' source='0,90,16,106' mask='#FFFF00FF'" hotimage="file='Theme\Scrollbar\scrollbar.bmp' source='18,90,34,106' mask='#FFFF00FF'" pushedimage="file='Theme\Scrollbar\scrollbar.bmp' source='36,90,52,106' mask='#FFFF00FF'"/>
								<VerticalLayout height="1" bkcolor="0xFFA0A0A0"/>
								<Button name="BtnSpin" userdata="EditLineRL:-1.0" clicktype="1" height="16" bkimage="file='Theme\Scrollbar\scrollbar.bmp' source='0,108,16,124' mask='#FFFF00FF'" hotimage="file='Theme\Scrollbar\scrollbar.bmp' source='18,108,34,124' mask='#FFFF00FF'" pushedimage="file='Theme\Scrollbar\scrollbar.bmp' source='36,108,52,124' mask='#FFFF00FF'"/>
							</VerticalLayout>

							<HorizontalLayout width="30"/>
						</HorizontalLayout>

						<VerticalLayout height="2"/>
						<HorizontalLayout height="33">
							<VerticalLayout>
								<HorizontalLayout />
								<HorizontalLayout height="28">
									<Label text="记录线:" valign="center" width="80"/>
									<Edit name="EditLineRD" textext="dB" bordersize="1" bordercolor="0x7F7F7F7F"/>
								</HorizontalLayout>
								<HorizontalLayout />
							</VerticalLayout>
							<HorizontalLayout width="10"/>
							<VerticalLayout width="16">
								<Button name="BtnSpin" userdata="EditLineRD:1.0" clicktype="1" height="16" bkimage="file='Theme\Scrollbar\scrollbar.bmp' source='0,90,16,106' mask='#FFFF00FF'" hotimage="file='Theme\Scrollbar\scrollbar.bmp' source='18,90,34,106' mask='#FFFF00FF'" pushedimage="file='Theme\Scrollbar\scrollbar.bmp' source='36,90,52,106' mask='#FFFF00FF'"/>
								<VerticalLayout height="1" bkcolor="0xFFA0A0A0"/>
								<Button name="BtnSpin" userdata="EditLineRD:-1.0" clicktype="1" height="16" bkimage="file='Theme\Scrollbar\scrollbar.bmp' source='0,108,16,124' mask='#FFFF00FF'" hotimage="file='Theme\Scrollbar\scrollbar.bmp' source='18,108,34,124' mask='#FFFF00FF'" pushedimage="file='Theme\Scrollbar\scrollbar.bmp' source='36,108,52,124' mask='#FFFF00FF'"/>
							</VerticalLayout>

							<HorizontalLayout width="30"/>
						</HorizontalLayout>

						<VerticalLayout height="2"/>
						<HorizontalLayout height="33">
							<VerticalLayout>
								<HorizontalLayout />
								<HorizontalLayout height="28">
									<Label text="DAC灵敏度:" valign="center" width="80"/>
									<Edit name="EditDACGain" textext="dB" bordersize="1" bordercolor="0x7F7F7F7F"/>
								</HorizontalLayout>
								<HorizontalLayout />
							</VerticalLayout>
							<HorizontalLayout width="10"/>
							<VerticalLayout width="16">
								<Button name="BtnSpin" userdata="EditDACGain:6.0" clicktype="1" height="16" bkimage="file='Theme\Scrollbar\scrollbar.bmp' source='0,90,16,106' mask='#FFFF00FF'" hotimage="file='Theme\Scrollbar\scrollbar.bmp' source='18,90,34,106' mask='#FFFF00FF'" pushedimage="file='Theme\Scrollbar\scrollbar.bmp' source='36,90,52,106' mask='#FFFF00FF'"/>
								<VerticalLayout height="1" bkcolor="0xFFA0A0A0"/>
								<Button name="BtnSpin" userdata="EditDACGain:-6.0" clicktype="1" height="16" bkimage="file='Theme\Scrollbar\scrollbar.bmp' source='0,108,16,124' mask='#FFFF00FF'" hotimage="file='Theme\Scrollbar\scrollbar.bmp' source='18,108,34,124' mask='#FFFF00FF'" pushedimage="file='Theme\Scrollbar\scrollbar.bmp' source='36,108,52,124' mask='#FFFF00FF'"/>
							</VerticalLayout>
							<HorizontalLayout width="5"/>
							<VerticalLayout width="16">
								<Button name="BtnSpin" userdata="EditDACGain:2.0" clicktype="1" height="16" bkimage="file='Theme\Scrollbar\scrollbar.bmp' source='0,90,16,106' mask='#FFFF00FF'" hotimage="file='Theme\Scrollbar\scrollbar.bmp' source='18,90,34,106' mask='#FFFF00FF'" pushedimage="file='Theme\Scrollbar\scrollbar.bmp' source='36,90,52,106' mask='#FFFF00FF'"/>
								<VerticalLayout height="1" bkcolor="0xFFA0A0A0"/>
								<Button name="BtnSpin" userdata="EditDACGain:-2.0" clicktype="1" height="16" bkimage="file='Theme\Scrollbar\scrollbar.bmp' source='0,108,16,124' mask='#FFFF00FF'" hotimage="file='Theme\Scrollbar\scrollbar.bmp' source='18,108,34,124' mask='#FFFF00FF'" pushedimage="file='Theme\Scrollbar\scrollbar.bmp' source='36,108,52,124' mask='#FFFF00FF'"/>
							</VerticalLayout>
							<HorizontalLayout width="5"/>
							<VerticalLayout width="16">
								<Button name="BtnSpin" userdata="EditDACGain:0.1" clicktype="1" height="16" bkimage="file='Theme\Scrollbar\scrollbar.bmp' source='0,90,16,106' mask='#FFFF00FF'" hotimage="file='Theme\Scrollbar\scrollbar.bmp' source='18,90,34,106' mask='#FFFF00FF'" pushedimage="file='Theme\Scrollbar\scrollbar.bmp' source='36,90,52,106' mask='#FFFF00FF'"/>
								<VerticalLayout height="1" bkcolor="0xFFA0A0A0"/>
								<Button name="BtnSpin" userdata="EditDACGain:-0.1" clicktype="1" height="16" bkimage="file='Theme\Scrollbar\scrollbar.bmp' source='0,108,16,124' mask='#FFFF00FF'" hotimage="file='Theme\Scrollbar\scrollbar.bmp' source='18,108,34,124' mask='#FFFF00FF'" pushedimage="file='Theme\Scrollbar\scrollbar.bmp' source='36,108,52,124' mask='#FFFF00FF'"/>
							</VerticalLayout>
							<HorizontalLayout width="30"/>
						</HorizontalLayout>

												<VerticalLayout height="2"/>
						<HorizontalLayout height="33" visible ="false">
							<VerticalLayout>
								<HorizontalLayout />
								<HorizontalLayout height="28">
									<Label text="A门峰值:" valign="center" width="80"/>
									<Edit name="EditDACGateAAmpPos" textext="mm" bordersize="1" bordercolor="0x7F7F7F7F"/>
								</HorizontalLayout>
								<HorizontalLayout />
							</VerticalLayout>
												<HorizontalLayout width="5"/>
										
							<HorizontalLayout width="30"/>
						</HorizontalLayout>
						
						<VerticalLayout height="20"/>
						<HorizontalLayout height="32" >
							<Label text="个数：" valign="center"  />
							<HorizontalLayout width="5"/>
							<Label text="1" valign="center"  align="center" />
							<HorizontalLayout width="5" />
							<Label text="2" valign="center" align="center"/>
							<HorizontalLayout width="5"/>
							<Label text="3" valign="center" align="center"/>
							<HorizontalLayout width="5"/>
							<Label text="4" valign="center" align="center"/>
							<HorizontalLayout width="5"/>
							<Label text="5" valign="center" align="center"/>
							
							<HorizontalLayout width="28"/>
						</HorizontalLayout>
						
						<VerticalLayout height="2"/>
						<HorizontalLayout height="32" >
							<Label text="孔深：" valign="center" />
							<Edit name="EditHoleDepth1" textext="mm" bordersize="1" bordercolor="0x7F7F7F7F"/>
							<HorizontalLayout width="5"/>
							<Edit name="EditHoleDepth2" textext="mm" bordersize="1" bordercolor="0x7F7F7F7F"/>
							<HorizontalLayout width="5"/>
							<Edit name="EditHoleDepth3" textext="mm" bordersize="1" bordercolor="0x7F7F7F7F"/>
							<HorizontalLayout width="5"/>
							<Edit name="EditHoleDepth4" textext="mm" bordersize="1" bordercolor="0x7F7F7F7F"/>
							<HorizontalLayout width="5"/>
							<Edit name="EditHoleDepth5" textext="mm" bordersize="1" bordercolor="0x7F7F7F7F"/>

							<HorizontalLayout width="28"/>
						</HorizontalLayout>

						<VerticalLayout height="2"/>
						<HorizontalLayout height="32" >
							<Label text="波幅：" valign="center"/>
							<Edit name="EditHoleAmp1" textext="%" bordersize="1" bordercolor="0x7F7F7F7F"/>
							<HorizontalLayout width="5"/>
							<Edit name="EditHoleAmp2" textext="%" bordersize="1" bordercolor="0x7F7F7F7F"/>
							<HorizontalLayout width="5"/>
							<Edit name="EditHoleAmp3" textext="%" bordersize="1" bordercolor="0x7F7F7F7F"/>
							<HorizontalLayout width="5"/>
							<Edit name="EditHoleAmp4" textext="%" bordersize="1" bordercolor="0x7F7F7F7F"/>
							<HorizontalLayout width="5"/>
							<Edit name="EditHoleAmp5" textext="%" bordersize="1" bordercolor="0x7F7F7F7F"/>

							<HorizontalLayout width="28"/>
						</HorizontalLayout>
						<VerticalLayout height="2"/>
						<HorizontalLayout height="90"   visible ="false">
								<VerticalLayout >
							<Text   text="提示: 'DAC灵敏度'输入第一个孔时的增益值，后面孔保持增益不变。" valign="center" />
							<Text   text="'A门峰值'	输入第一个孔时的A门最高波位置" valign="center" />
							<Text   text="用于动态DAC,(侧面为0，踏面为表面反射波位置)" valign="center" />
							</VerticalLayout>
						</HorizontalLayout>
					</VerticalLayout>
					<Label text="DAC设置" float="true" pos="20,0,0,0" bkcolor="0xFFFEFEFE" width="60" height="20"/>
				</HorizontalLayout>


			</VerticalLayout>




		</HorizontalLayout>
		<VerticalLayout bkimage="Theme\Line\v_line.png" height="1"/>

		<HorizontalLayout height="70" inset="10,15,10,10">
			<Button name="IDCONFIRMDACSET"  text="确认" font="6" />
			<VerticalLayout width="20"/>
			<Button name="IDCANCELDACSET"  text="退出" font="6" />

		</HorizontalLayout>
		<VerticalLayout height="20"/>
	</VerticalLayout>
</Window>