<?xml version="1.0" encoding="utf-8"?>
<Window size="1280,900" caption="5,5,5,52" sizebox="10,10,10,10" mininfo="640,480">
	<Font name="楷体" size="14" default="true"/>
	<Font name="楷体" size="18" />
	<Font name="楷体" size="24" />
	<Font name="楷体" size="32" />
	<Font name="楷体" size="14" bold="true"/>
	<Font name="楷体" size="18" bold="true"/>
	<Font name="楷体" size="24" bold="true"/>
	<Font name="楷体" size="32" bold="true"/>

	<Default name="VScrollBar" value="button1normalimage=&quot;file='Theme\Scrollbar\scrollbar.bmp' source='0,90,16,106' mask='#FFFF00FF'&quot; button1hotimage=&quot;file='Theme\Scrollbar\scrollbar.bmp' source='18,90,34,106' mask='#FFFF00FF'&quot; button1pushedimage=&quot;file='Theme\Scrollbar\scrollbar.bmp' source='36,90,52,106' mask='#FFFF00FF'&quot; button1disabledimage=&quot;file='Theme\Scrollbar\scrollbar.bmp' source='54,90,70,106' mask='#FFFF00FF'&quot; button2normalimage=&quot;file='Theme\Scrollbar\scrollbar.bmp' source='0,108,16,124' mask='#FFFF00FF'&quot; button2hotimage=&quot;file='Theme\Scrollbar\scrollbar.bmp' source='18,108,34,124' mask='#FFFF00FF'&quot; button2pushedimage=&quot;file='Theme\Scrollbar\scrollbar.bmp' source='36,108,52,124' mask='#FFFF00FF'&quot; button2disabledimage=&quot;file='Theme\Scrollbar\scrollbar.bmp' source='54,108,70,124' mask='#FFFF00FF'&quot; thumbnormalimage=&quot;file='Theme\Scrollbar\scrollbar.bmp' source='0,126,16,142' corner='2,2,2,2' mask='#FFFF00FF'&quot; thumbhotimage=&quot;file='Theme\Scrollbar\scrollbar.bmp' source='18,126,34,142' corner='2,2,2,2' mask='#FFFF00FF'&quot; thumbpushedimage=&quot;file='Theme\Scrollbar\scrollbar.bmp' source='36,126,52,142' corner='2,2,2,2' mask='#FFFF00FF'&quot; thumbdisabledimage=&quot;file='Theme\Scrollbar\scrollbar.bmp' source='54,126,70,142' corner='2,2,2,2' mask='#FFFF00FF'&quot; railnormalimage=&quot;file='Theme\Scrollbar\scrollbar.bmp' source='0,144,16,160' corner='2,2,2,2' mask='#FFFF00FF'&quot; railhotimage=&quot;file='Theme\Scrollbar\scrollbar.bmp' source='18,144,34,160' corner='2,2,2,2' mask='#FFFF00FF'&quot; railpushedimage=&quot;file='Theme\Scrollbar\scrollbar.bmp' source='36,144,52,160' corner='2,2,2,2' mask='#FFFF00FF'&quot; raildisabledimage=&quot;file='Theme\Scrollbar\scrollbar.bmp' source='54,144,70,160' corner='2,2,2,2' mask='#FFFF00FF'&quot; bknormalimage=&quot;file='Theme\Scrollbar\scrollbar.bmp' source='0,162,16,178' corner='2,2,2,2' mask='#FFFF00FF'&quot; bkhotimage=&quot;file='Theme\Scrollbar\scrollbar.bmp' source='18,162,34,178' corner='2,2,2,2' mask='#FFFF00FF'&quot; bkpushedimage=&quot;file='Theme\Scrollbar\scrollbar.bmp' source='36,162,52,178' corner='2,2,2,2' mask='#FFFF00FF'&quot; bkdisabledimage=&quot;file='Theme\Scrollbar\scrollbar.bmp' source='54,162,70,178' corner='2,2,2,2' mask='#FFFF00FF'&quot; " />
	<Default name="HScrollBar" value="button1normalimage=&quot;file='Theme\Scrollbar\scrollbar.bmp' source='0,0,16,16' mask='#FFFF00FF'&quot; button1hotimage=&quot;file='Theme\Scrollbar\scrollbar.bmp' source='18,0,34,16' mask='#FFFF00FF'&quot; button1pushedimage=&quot;file='Theme\Scrollbar\scrollbar.bmp' source='36,0,52,16' mask='#FFFF00FF'&quot; button1disabledimage=&quot;file='Theme\Scrollbar\scrollbar.bmp' source='54,0,70,16' mask='#FFFF00FF'&quot; button2normalimage=&quot;file='Theme\Scrollbar\scrollbar.bmp' source='0,18,16,34' mask='#FFFF00FF'&quot; button2hotimage=&quot;file='Theme\Scrollbar\scrollbar.bmp' source='18,18,34,34' mask='#FFFF00FF'&quot; button2pushedimage=&quot;file='Theme\Scrollbar\scrollbar.bmp' source='36,18,52,34' mask='#FFFF00FF'&quot; button2disabledimage=&quot;file='Theme\Scrollbar\scrollbar.bmp' source='54,18,70,34' mask='#FFFF00FF'&quot; thumbnormalimage=&quot;file='Theme\Scrollbar\scrollbar.bmp' source='0,36,16,52' corner='2,2,2,2' mask='#FFFF00FF'&quot; thumbhotimage=&quot;file='Theme\Scrollbar\scrollbar.bmp' source='18,36,34,52' corner='2,2,2,2' mask='#FFFF00FF'&quot; thumbpushedimage=&quot;file='Theme\Scrollbar\scrollbar.bmp' source='36,36,52,52' corner='2,2,2,2' mask='#FFFF00FF'&quot; thumbdisabledimage=&quot;file='Theme\Scrollbar\scrollbar.bmp' source='54,36,70,52' corner='2,2,2,2' mask='#FFFF00FF'&quot; railnormalimage=&quot;file='Theme\Scrollbar\scrollbar.bmp' source='0,54,16,70' corner='2,2,2,2' mask='#FFFF00FF'&quot; railhotimage=&quot;file='Theme\Scrollbar\scrollbar.bmp' source='18,54,34,70' corner='2,2,2,2' mask='#FFFF00FF'&quot; railpushedimage=&quot;file='Theme\Scrollbar\scrollbar.bmp' source='36,54,52,70' corner='2,2,2,2' mask='#FFFF00FF'&quot; raildisabledimage=&quot;file='Theme\Scrollbar\scrollbar.bmp' source='54,54,70,70' corner='2,2,2,2' mask='#FFFF00FF'&quot; bknormalimage=&quot;file='Theme\Scrollbar\scrollbar.bmp' source='0,72,16,88' corner='2,2,2,2' mask='#FFFF00FF'&quot; bkhotimage=&quot;file='Theme\Scrollbar\scrollbar.bmp' source='18,72,34,88' corner='2,2,2,2' mask='#FFFF00FF'&quot; bkpushedimage=&quot;file='Theme\Scrollbar\scrollbar.bmp' source='36,72,52,88' corner='2,2,2,2' mask='#FFFF00FF'&quot; bkdisabledimage=&quot;file='Theme\Scrollbar\scrollbar.bmp' source='54,72,70,88' corner='2,2,2,2' mask='#FFFF00FF'&quot; " />
	<Default name="Button" value="align=&quot;center&quot; valign=&quot;center&quot; bkcolor=&quot;0xFFEEEEEE&quot; hotbkcolor=&quot;0xFF1874CD&quot;" />

	<VerticalLayout bkcolor="0xFFFEFEFE" bordersize="1" bordercolor="0xFFDDDDDD">
		<VerticalLayout height="100">
			<HorizontalLayout height="34" >
				<HorizontalLayout >
					<Label name="LabelTitle" font="0" bkimage="file='Theme\Button\union.png' dest='2,2,34,34'" textpadding="34,0,0,0" align="left" valign="center" />
				</HorizontalLayout>
				<HorizontalLayout width="95">
					<Button float="true" pos="0,0,0,0" name="minbtn" tooltip="最小化"  width="28" height="19" bkcolor="" normalimage="Theme\Button\btn_mini_normal.png" hotimage="Theme\Button\btn_mini_highlight.png" pushedimage="Theme\Button\btn_mini_down.png"/>
					<Button float="true" pos="29,0,0,0" name="maxbtn" tooltip="最大化"  width="28" height="19" bkcolor="" normalimage="Theme\Button\btn_max_normal.png" hotimage="Theme\Button\btn_max_highlight.png" pushedimage="Theme\Button\btn_max_down.png"/>
					<Button float="true" pos="29,0,0,0" name="restorebtn" tooltip="还原" visible="false" width="28" height="19" bkcolor="" normalimage="Theme\Button\btn_restore_normal.png" hotimage="Theme\Button\btn_restore_highlight.png" pushedimage="Theme\Button\btn_restore_down.png"/>
					<Button float="true" pos="57,0,0,0" name="closebtn" tooltip="关闭"  width="39" height="19" bkcolor="" normalimage="Theme\Button\btn_close_normal.png" hotimage="Theme\Button\btn_close_highlight.png" pushedimage="Theme\Button\btn_close_down.png"/>
				</HorizontalLayout>
			</HorizontalLayout>
			<VerticalLayout bkimage="Theme\Line\v_line.png" height="1"/>
			<HorizontalLayout>
				<HorizontalLayout>
					<Button name="BtnSet"  text="1.参数调校" width="200" font="7" />
					<VerticalLayout width="1" bkimage="Theme\list\list_header_sep.png"/>
					<Button name="BtnScan" text="2.车轮扫查" width="200" font="7" />
					<Button name="BtnGroupScan" text="2.分组扫查" width="200" font="7" />
					<Button name="BtnUser" text="3.人员管理" width="200" font="7" />
					<VerticalLayout width="1" bkimage="Theme\list\list_header_sep.png"/>

					<Button name="BtnQuart" text="4.季度校验" width="200" font="7" />
					<VerticalLayout width="1" bkimage="Theme\list\list_header_sep.png"/>
					<VerticalLayout width="1" bkimage="Theme\list\list_header_sep.png"/>
					<Button name="BtnAnalysis" text="5.数据查看" width="200" font="7" />
					<VerticalLayout width="1" bkimage="Theme\list\list_header_sep.png"/>
					<Button name="BtnAbout" text="6.关于软件" width="200" font="7" />
					<VerticalLayout width="1" bkimage="Theme\list\list_header_sep.png"/>
				</HorizontalLayout>
			</HorizontalLayout>
		</VerticalLayout>
		<VerticalLayout bkimage="Theme\Logo\RocCladOffice.jpg">
			<HorizontalLayout>
			</HorizontalLayout>
			<HorizontalLayout height="32" bkcolor="0x00DDDDDD" bkcolor2="0x3FDDDDDD">
				<Label text="Nantong Union Digital Technology Development Co.,Ltd. All rights reserved." textcolor="0xFF707070" />
				<Label name="LabelStatus" align="right" textcolor="0xFF303030" />
				<VerticalLayout width="2"/>
			</HorizontalLayout>
		</VerticalLayout>
	</VerticalLayout>
</Window>