<?xml version="1.0"?>
<Window size="1330,1020" caption="5,5,5,52" sizebox="10,10,10,10" mininfo="1330,1020" maxinfo="1330,1020">
	<Font name="楷体" size="14" default="true" />
	<Font name="楷体" size="18" />
	<Font name="楷体" size="24" />
	<Font name="楷体" size="32" />
	<Font name="楷体" size="14" bold="true" />
	<Font name="楷体" size="18" bold="true" />
	<Font name="楷体" size="24" bold="true" />
	<Font name="楷体" size="32" bold="true" />
	<Default name="VScrollBar" value="button1normalimage=&quot;file='Theme\Scrollbar\scrollbar.bmp' source='0,90,16,106' mask='#FFFF00FF'&quot; button1hotimage=&quot;file='Theme\Scrollbar\scrollbar.bmp' source='18,90,34,106' mask='#FFFF00FF'&quot; button1pushedimage=&quot;file='Theme\Scrollbar\scrollbar.bmp' source='36,90,52,106' mask='#FFFF00FF'&quot; button1disabledimage=&quot;file='Theme\Scrollbar\scrollbar.bmp' source='54,90,70,106' mask='#FFFF00FF'&quot; button2normalimage=&quot;file='Theme\Scrollbar\scrollbar.bmp' source='0,108,16,124' mask='#FFFF00FF'&quot; button2hotimage=&quot;file='Theme\Scrollbar\scrollbar.bmp' source='18,108,34,124' mask='#FFFF00FF'&quot; button2pushedimage=&quot;file='Theme\Scrollbar\scrollbar.bmp' source='36,108,52,124' mask='#FFFF00FF'&quot; button2disabledimage=&quot;file='Theme\Scrollbar\scrollbar.bmp' source='54,108,70,124' mask='#FFFF00FF'&quot; thumbnormalimage=&quot;file='Theme\Scrollbar\scrollbar.bmp' source='0,126,16,142' corner='2,2,2,2' mask='#FFFF00FF'&quot; thumbhotimage=&quot;file='Theme\Scrollbar\scrollbar.bmp' source='18,126,34,142' corner='2,2,2,2' mask='#FFFF00FF'&quot; thumbpushedimage=&quot;file='Theme\Scrollbar\scrollbar.bmp' source='36,126,52,142' corner='2,2,2,2' mask='#FFFF00FF'&quot; thumbdisabledimage=&quot;file='Theme\Scrollbar\scrollbar.bmp' source='54,126,70,142' corner='2,2,2,2' mask='#FFFF00FF'&quot; railnormalimage=&quot;file='Theme\Scrollbar\scrollbar.bmp' source='0,144,16,160' corner='2,2,2,2' mask='#FFFF00FF'&quot; railhotimage=&quot;file='Theme\Scrollbar\scrollbar.bmp' source='18,144,34,160' corner='2,2,2,2' mask='#FFFF00FF'&quot; railpushedimage=&quot;file='Theme\Scrollbar\scrollbar.bmp' source='36,144,52,160' corner='2,2,2,2' mask='#FFFF00FF'&quot; raildisabledimage=&quot;file='Theme\Scrollbar\scrollbar.bmp' source='54,144,70,160' corner='2,2,2,2' mask='#FFFF00FF'&quot; bknormalimage=&quot;file='Theme\Scrollbar\scrollbar.bmp' source='0,162,16,178' corner='2,2,2,2' mask='#FFFF00FF'&quot; bkhotimage=&quot;file='Theme\Scrollbar\scrollbar.bmp' source='18,162,34,178' corner='2,2,2,2' mask='#FFFF00FF'&quot; bkpushedimage=&quot;file='Theme\Scrollbar\scrollbar.bmp' source='36,162,52,178' corner='2,2,2,2' mask='#FFFF00FF'&quot; bkdisabledimage=&quot;file='Theme\Scrollbar\scrollbar.bmp' source='54,162,70,178' corner='2,2,2,2' mask='#FFFF00FF'&quot; " />
	<Default name="HScrollBar" value="button1normalimage=&quot;file='Theme\Scrollbar\scrollbar.bmp' source='0,0,16,16' mask='#FFFF00FF'&quot; button1hotimage=&quot;file='Theme\Scrollbar\scrollbar.bmp' source='18,0,34,16' mask='#FFFF00FF'&quot; button1pushedimage=&quot;file='Theme\Scrollbar\scrollbar.bmp' source='36,0,52,16' mask='#FFFF00FF'&quot; button1disabledimage=&quot;file='Theme\Scrollbar\scrollbar.bmp' source='54,0,70,16' mask='#FFFF00FF'&quot; button2normalimage=&quot;file='Theme\Scrollbar\scrollbar.bmp' source='0,18,16,34' mask='#FFFF00FF'&quot; button2hotimage=&quot;file='Theme\Scrollbar\scrollbar.bmp' source='18,18,34,34' mask='#FFFF00FF'&quot; button2pushedimage=&quot;file='Theme\Scrollbar\scrollbar.bmp' source='36,18,52,34' mask='#FFFF00FF'&quot; button2disabledimage=&quot;file='Theme\Scrollbar\scrollbar.bmp' source='54,18,70,34' mask='#FFFF00FF'&quot; thumbnormalimage=&quot;file='Theme\Scrollbar\scrollbar.bmp' source='0,36,16,52' corner='2,2,2,2' mask='#FFFF00FF'&quot; thumbhotimage=&quot;file='Theme\Scrollbar\scrollbar.bmp' source='18,36,34,52' corner='2,2,2,2' mask='#FFFF00FF'&quot; thumbpushedimage=&quot;file='Theme\Scrollbar\scrollbar.bmp' source='36,36,52,52' corner='2,2,2,2' mask='#FFFF00FF'&quot; thumbdisabledimage=&quot;file='Theme\Scrollbar\scrollbar.bmp' source='54,36,70,52' corner='2,2,2,2' mask='#FFFF00FF'&quot; railnormalimage=&quot;file='Theme\Scrollbar\scrollbar.bmp' source='0,54,16,70' corner='2,2,2,2' mask='#FFFF00FF'&quot; railhotimage=&quot;file='Theme\Scrollbar\scrollbar.bmp' source='18,54,34,70' corner='2,2,2,2' mask='#FFFF00FF'&quot; railpushedimage=&quot;file='Theme\Scrollbar\scrollbar.bmp' source='36,54,52,70' corner='2,2,2,2' mask='#FFFF00FF'&quot; raildisabledimage=&quot;file='Theme\Scrollbar\scrollbar.bmp' source='54,54,70,70' corner='2,2,2,2' mask='#FFFF00FF'&quot; bknormalimage=&quot;file='Theme\Scrollbar\scrollbar.bmp' source='0,72,16,88' corner='2,2,2,2' mask='#FFFF00FF'&quot; bkhotimage=&quot;file='Theme\Scrollbar\scrollbar.bmp' source='18,72,34,88' corner='2,2,2,2' mask='#FFFF00FF'&quot; bkpushedimage=&quot;file='Theme\Scrollbar\scrollbar.bmp' source='36,72,52,88' corner='2,2,2,2' mask='#FFFF00FF'&quot; bkdisabledimage=&quot;file='Theme\Scrollbar\scrollbar.bmp' source='54,72,70,88' corner='2,2,2,2' mask='#FFFF00FF'&quot; " />
	<Default name="Button" value="align=&quot;center&quot; valign=&quot;center&quot; bkcolor=&quot;0xFFEEEEEE&quot; hotbkcolor=&quot;0xFF1874CD&quot;" />
	<VerticalLayout bkcolor="0xFFFEFEFE" bordersize="1" bordercolor="0xFFDDDDDD">
		<HorizontalLayout height="34">
			<Label text="PLC调试" font="0" bkimage="file='Theme\Button\union.png' dest='2,2,34,34'" textpadding="34,0,0,0" valign="center" />
			<HorizontalLayout width="95">
				<Button float="true" pos="57,0,0,0" name="hidenBtn" tooltip="关闭" width="39" height="19" bkcolor="" normalimage="Theme\Button\btn_close_normal.png" hotimage="Theme\Button\btn_close_highlight.png" pushedimage="Theme\Button\btn_close_down.png" />
			</HorizontalLayout>
		</HorizontalLayout>
		<VerticalLayout bkimage="Theme\Line\v_line.png" height="1" />
		<HorizontalLayout height="34" float="true" pos="120,1,240,34">
			<Button name="BtnChangeLayout" width="120" height="33" text="切换布局" />
		</HorizontalLayout>
		<HorizontalLayout name="LayoutTable" visible="false" pos="0,35,1330,1020" float="true">
			<HorizontalLayout inset="10,10,10,10">
				<VerticalLayout width="380">
					<HorizontalLayout inset="10,10,10,10">
						<VerticalLayout bkimage="file='Theme\Button\bkimage.png' corner='3,3,3,3'" inset="10,15,10,10">
							<HorizontalLayout height="32">
								<Label text="卡盘角度:" valign="center" width="160" />
								<Label name="LabelV1000" valign="center" width="80" />
								<HorizontalLayout width="80" />
							</HorizontalLayout>
							<HorizontalLayout height="32">
								<Label text="卡盘速度SV:" valign="center" width="160" />
								<Label name="LabelV1004" valign="center" width="80" />
								<Edit name="EditV1004" bordersize="1" bordercolor="0x7F7F7F7F" width="80" height="28" />
							</HorizontalLayout>
							<HorizontalLayout height="32">
								<Label text="左水平轴位置PV" valign="center" width="160" />
								<Label name="LabelV1008" valign="center" width="80" />
								<HorizontalLayout width="80" />
							</HorizontalLayout>
							<HorizontalLayout height="32">
								<Label text="左水平轴速度PV" valign="center" width="160" />
								<Label name="LabelV1012" valign="center" width="80" />
								<HorizontalLayout width="80" />
							</HorizontalLayout>
							<HorizontalLayout height="32">
								<Label text="左水平轴增量位置SV" valign="center" width="160" />
								<Label name="LabelV1016" valign="center" width="80" />
								<Edit name="EditV1016" bordersize="1" bordercolor="0x7F7F7F7F" width="80" height="28" />
							</HorizontalLayout>
							<HorizontalLayout height="32">
								<Label text="左水平轴一次定位位置" valign="center" width="160" />
								<Label name="LabelV1020" valign="center" width="80" />
								<Edit name="EditV1020" bordersize="1" bordercolor="0x7F7F7F7F" width="80" height="28" />
							</HorizontalLayout>
							<HorizontalLayout height="32">
								<Label text="左水平轴二次定位位置" valign="center" width="160" />
								<Label name="LabelV1024" valign="center" width="80" />
								<Edit name="EditV1024" bordersize="1" bordercolor="0x7F7F7F7F" width="80" height="28" />
							</HorizontalLayout>
							<HorizontalLayout height="32">
								<Label text="左上下轴位置PV" valign="center" width="160" />
								<Label name="LabelV1028" valign="center" width="80" />
								<HorizontalLayout width="80" />
							</HorizontalLayout>
							<HorizontalLayout height="32">
								<Label text="左上下轴速度PV" valign="center" width="160" />
								<Label name="LabelV1032" valign="center" width="80" />
								<HorizontalLayout width="80" />
							</HorizontalLayout>
							<HorizontalLayout height="32">
								<Label text="左上下轴增量位置SV" valign="center" width="160" />
								<Label name="LabelV1036" valign="center" width="80" />
								<Edit name="EditV1036" bordersize="1" bordercolor="0x7F7F7F7F" width="80" height="28" />
							</HorizontalLayout>
							<HorizontalLayout height="32">
								<Label text="左上下轴一次定位位置" valign="center" width="160" />
								<Label name="LabelV1040" valign="center" width="80" />
								<Edit name="EditV1040" bordersize="1" bordercolor="0x7F7F7F7F" width="80" height="28" />
							</HorizontalLayout>
							<HorizontalLayout height="32">
								<Label text="左上下轴二次定位位置" valign="center" width="160" />
								<Label name="LabelV1044" valign="center" width="80" />
								<Edit name="EditV1044" bordersize="1" bordercolor="0x7F7F7F7F" width="80" height="28" />
							</HorizontalLayout>
							<HorizontalLayout height="32">
								<Label text="右水平轴位置PV" valign="center" width="160" />
								<Label name="LabelV1048" valign="center" width="80" />
								<HorizontalLayout width="80" />
							</HorizontalLayout>
							<HorizontalLayout height="32">
								<Label text="右水平轴速度PV" valign="center" width="160" />
								<Label name="LabelV1052" valign="center" width="80" />
								<HorizontalLayout width="80" />
							</HorizontalLayout>
							<HorizontalLayout height="32">
								<Label text="右水平轴增量位置SV" valign="center" width="160" />
								<Label name="LabelV1056" valign="center" width="80" />
								<Edit name="EditV1056" bordersize="1" bordercolor="0x7F7F7F7F" width="80" height="28" />
							</HorizontalLayout>
							<HorizontalLayout height="32">
								<Label text="右水平轴一次定位位置" valign="center" width="160" />
								<Label name="LabelV1060" valign="center" width="80" />
								<Edit name="EditV1060" bordersize="1" bordercolor="0x7F7F7F7F" width="80" height="28" />
							</HorizontalLayout>
							<HorizontalLayout height="32">
								<Label text="右水平轴二次定位位置" valign="center" width="160" />
								<Label name="LabelV1064" valign="center" width="80" />
								<Edit name="EditV1064" bordersize="1" bordercolor="0x7F7F7F7F" width="80" height="28" />
							</HorizontalLayout>
							<HorizontalLayout height="32">
								<Label text="右上下轴位置PV" valign="center" width="160" />
								<Label name="LabelV1068" valign="center" width="80" />
								<HorizontalLayout width="80" />
							</HorizontalLayout>
							<HorizontalLayout height="32">
								<Label text="右上下轴速度PV" valign="center" width="160" />
								<Label name="LabelV1072" valign="center" width="80" />
								<HorizontalLayout width="80" />
							</HorizontalLayout>
							<HorizontalLayout height="32">
								<Label text="右上下轴增量位置SV" valign="center" width="160" />
								<Label name="LabelV1076" valign="center" width="80" />
								<Edit name="EditV1076" bordersize="1" bordercolor="0x7F7F7F7F" width="80" height="28" />
							</HorizontalLayout>
							<HorizontalLayout height="32">
								<Label text="右上下轴一次定位位置" valign="center" width="160" />
								<Label name="LabelV1080" valign="center" width="80" />
								<Edit name="EditV1080" bordersize="1" bordercolor="0x7F7F7F7F" width="80" height="28" />
							</HorizontalLayout>
							<HorizontalLayout height="32">
								<Label text="右上下轴二次定位位置" valign="center" width="160" />
								<Label name="LabelV1084" valign="center" width="80" />
								<Edit name="EditV1084" bordersize="1" bordercolor="0x7F7F7F7F" width="80" height="28" />
							</HorizontalLayout>
							<HorizontalLayout height="32">
								<Label text="水平扫描宽度" align="center" width="160" />
								<Label name="LabelV1088" align="center" width="80" />
								<Edit name="EditV1088" bordersize="1" bordercolor="0x7F7F7F7F" width="80" height="28" />
							</HorizontalLayout>
							<HorizontalLayout height="32">
								<Label text="垂直扫描宽度" align="center" width="160" />
								<Label name="LabelV1092" align="center" width="80" />
								<Edit name="EditV1092" bordersize="1" bordercolor="0x7F7F7F7F" width="80" height="28" />
							</HorizontalLayout>
							<HorizontalLayout height="32">
								<Label text="左上下轴还原位置" valign="center" width="160" />
								<Label name="LabelV1096" valign="center" width="80" />
								<Edit name="EditV1096" bordersize="1" bordercolor="0x7F7F7F7F" width="80" height="28" />
							</HorizontalLayout>
							<HorizontalLayout height="32">
								<Label text="右水平轴还原位置" valign="center" width="160" />
								<Label name="LabelV1100" valign="center" width="80" />
								<Edit name="EditV1100" bordersize="1" bordercolor="0x7F7F7F7F" width="80" height="28" />
							</HorizontalLayout>
							<HorizontalLayout height="32">
								<Label text="卡盘还原角度" valign="center" width="160" />
								<Label name="LabelV1104" valign="center" width="80" />
								<Edit name="EditV1104" bordersize="1" bordercolor="0x7F7F7F7F" width="80" height="28" />
							</HorizontalLayout>
						</VerticalLayout>
						<Label text="变量参数" float="true" pos="20,0,0,0" bkcolor="0xFFFEFEFE" width="60" height="20" />
					</HorizontalLayout>
				</VerticalLayout>
				<VerticalLayout width="450">
					<HorizontalLayout inset="10,10,10,10">
						<VerticalLayout bkimage="file='Theme\Button\bkimage.png' corner='3,3,3,3'" inset="10,15,10,10">
							<HorizontalLayout>
								<VerticalLayout corner="10,10,10,10">
									<HorizontalLayout height="36" inset="0,2,0,2" pos="0,0,0,36">
										<Option name="OptM00" width="32" enabled="false" selectedimage="Theme\Option\indicatorLight_selected.jpg" normalimage="Theme\Option\indicatorLight_normal.jpg" disabledtextcolor="0xFF000000" />
										<HorizontalLayout width="5" />
										<Button name="BtnM00" text="急停" width="160" />
									</HorizontalLayout>
									<HorizontalLayout height="36" inset="0,2,0,2" pos="0,0,0,36">
										<Option name="OptM01" width="32" enabled="false" selectedimage="Theme\Option\indicatorLight_selected.jpg" normalimage="Theme\Option\indicatorLight_normal.jpg" disabledtextcolor="0xFF000000" />
										<HorizontalLayout width="5" />
										<Button name="BtnM01" text="手自开关" width="160" />
									</HorizontalLayout>
									<HorizontalLayout height="36" inset="0,2,0,2" pos="0,0,0,36">
										<Option name="OptM02" enabled="false" width="32" selectedimage="Theme\Option\indicatorLight_selected.jpg" normalimage="Theme\Option\indicatorLight_normal.jpg" disabledtextcolor="0xFF000000" />
										<HorizontalLayout width="5" />
										<Label name="LabelM02" text="左水平轴定位OK" align="center" width="160" />
									</HorizontalLayout>
									<HorizontalLayout height="36" inset="0,2,0,2" pos="0,0,0,36">
										<Option name="OptM03" enabled="false" width="32" selectedimage="Theme\Option\indicatorLight_selected.jpg" normalimage="Theme\Option\indicatorLight_normal.jpg" disabledtextcolor="0xFF000000" />
										<HorizontalLayout width="5" />
										<Label name="LabelM03" text="左上下轴定位OK" align="center" width="160" />
									</HorizontalLayout>
									<HorizontalLayout height="36" inset="0,2,0,2" pos="0,0,0,36">
										<Option name="OptM04" enabled="false" width="32" selectedimage="Theme\Option\indicatorLight_selected.jpg" normalimage="Theme\Option\indicatorLight_normal.jpg" disabledtextcolor="0xFF000000" />
										<HorizontalLayout width="5" />
										<Label name="LabelM04" text="右水平轴定位OK" align="center" width="160" />
									</HorizontalLayout>
									<HorizontalLayout height="36" inset="0,2,0,2" pos="0,0,0,36">
										<Option name="OptM05" enabled="false" width="32" selectedimage="Theme\Option\indicatorLight_selected.jpg" normalimage="Theme\Option\indicatorLight_normal.jpg" disabledtextcolor="0xFF000000" />
										<HorizontalLayout width="5" />
										<Label name="LabelM05" text="右上下轴定位OK" align="center" width="160" />
									</HorizontalLayout>
									<HorizontalLayout height="36" inset="0,2,0,2" pos="0,0,0,36">
										<Option name="OptM06" width="32" selectedimage="Theme\Option\indicatorLight_selected.jpg" normalimage="Theme\Option\indicatorLight_normal.jpg" disabledtextcolor="0xFF000000" />
										<HorizontalLayout width="5" />
										<Button name="BtnM06" text="一键回原点" width="160" />
									</HorizontalLayout>
									<HorizontalLayout height="36" inset="0,2,0,2" pos="0,0,0,36">
										<Option name="OptM07" enabled="false" width="32" selectedimage="Theme\Option\indicatorLight_selected.jpg" normalimage="Theme\Option\indicatorLight_normal.jpg" disabledtextcolor="0xFF000000" />
										<HorizontalLayout width="5" />
										<Label name="LabelM07" text="一键会原点完成" align="center" width="160" />
									</HorizontalLayout>
									<HorizontalLayout height="36" inset="0,2,0,2" pos="0,0,0,36">
										<Option name="OptM10" enabled="false" width="32" selectedimage="Theme\Option\indicatorLight_selected.jpg" normalimage="Theme\Option\indicatorLight_normal.jpg" disabledtextcolor="0xFF000000" />
										<HorizontalLayout width="5" />
										<Button name="BtnM10" enabled="true" text="自动开始" width="160" disabledtextcolor="0xFF000000" />
									</HorizontalLayout>
									<HorizontalLayout height="36" inset="0,2,0,2" pos="0,0,0,36">
										<Option name="OptM11" enabled="false" width="32" selectedimage="Theme\Option\indicatorLight_selected.jpg" normalimage="Theme\Option\indicatorLight_normal.jpg" disabledtextcolor="0xFF000000" />
										<HorizontalLayout width="5" />
										<Label name="LabelM11" text="自动开始正在运行" align="center" width="160" />
									</HorizontalLayout>
									<HorizontalLayout height="36" inset="0,2,0,2" pos="0,0,0,36">
										<Option name="OptM20" enabled="false" width="32" selectedimage="Theme\Option\indicatorLight_selected.jpg" normalimage="Theme\Option\indicatorLight_normal.jpg" disabledtextcolor="0xFF000000" />
										<HorizontalLayout width="5" />
										<Button name="BtnM20" enabled="true" text="卡盘张开" width="160" disabledtextcolor="0xFF000000" />
									</HorizontalLayout>
									<HorizontalLayout height="36" inset="0,2,0,2" pos="0,0,0,36">
										<Option name="OptM21" enabled="false" width="32" selectedimage="Theme\Option\indicatorLight_selected.jpg" normalimage="Theme\Option\indicatorLight_normal.jpg" disabledtextcolor="0xFF000000" />
										<HorizontalLayout width="5" />
										<Button name="BtnM21" enabled="true" text="卡盘合拢" width="160" disabledtextcolor="0xFF000000" />
									</HorizontalLayout>
									<HorizontalLayout height="36" inset="0,2,0,2" pos="0,0,0,36">
										<Option name="OptM22" enabled="false" width="32" selectedimage="Theme\Option\indicatorLight_selected.jpg" normalimage="Theme\Option\indicatorLight_normal.jpg" disabledtextcolor="0xFF000000" />
										<HorizontalLayout width="5" />
										<Button name="BtnM22" enabled="true" text="卡盘正转" width="160" disabledtextcolor="0xFF000000" />
									</HorizontalLayout>
									<HorizontalLayout height="36" inset="0,2,0,2" pos="0,0,0,36">
										<Option name="OptM23" enabled="false" width="32" selectedimage="Theme\Option\indicatorLight_selected.jpg" normalimage="Theme\Option\indicatorLight_normal.jpg" disabledtextcolor="0xFF000000" />
										<HorizontalLayout width="5" />
										<Button name="BtnM23" enabled="true" text="卡盘反转" width="160" disabledtextcolor="0xFF000000" />
									</HorizontalLayout>
									<HorizontalLayout height="36" inset="0,2,0,2" pos="0,0,0,36">
										<Option name="OptM24" enabled="false" width="32" selectedimage="Theme\Option\indicatorLight_selected.jpg" normalimage="Theme\Option\indicatorLight_normal.jpg" disabledtextcolor="0xFF000000" />
										<HorizontalLayout width="5" />
										<Button name="BtnM24" enabled="true" text="卡盘停止" width="160" disabledtextcolor="0xFF000000" />
									</HorizontalLayout>
									<HorizontalLayout height="36" inset="0,2,0,2" pos="0,0,0,36">
										<Option name="OptM25" enabled="false" width="32" selectedimage="Theme\Option\indicatorLight_selected.jpg" normalimage="Theme\Option\indicatorLight_normal.jpg" disabledtextcolor="0xFF000000" />
										<HorizontalLayout width="5" />
										<Button name="BtnM25" enabled="true" text="卡盘变频器复位" width="160" disabledtextcolor="0xFF000000" />
									</HorizontalLayout>
									<HorizontalLayout height="36" inset="0,2,0,2" pos="0,0,0,36">
										<Option name="OptM26" enabled="false" width="32" selectedimage="Theme\Option\indicatorLight_selected.jpg" normalimage="Theme\Option\indicatorLight_normal.jpg" disabledtextcolor="0xFF000000" />
										<HorizontalLayout width="5" />
										<Button name="BtnM26" enabled="true" text="上料盘升" width="160" disabledtextcolor="0xFF000000" />
									</HorizontalLayout>
									<HorizontalLayout height="36" inset="0,2,0,2" pos="0,0,0,36">
										<Option name="OptM27" enabled="false" width="32" selectedimage="Theme\Option\indicatorLight_selected.jpg" normalimage="Theme\Option\indicatorLight_normal.jpg" disabledtextcolor="0xFF000000" />
										<HorizontalLayout width="5" />
										<Button name="BtnM27" enabled="true" text="上料盘降" width="160" disabledtextcolor="0xFF000000" />
									</HorizontalLayout>
									<HorizontalLayout height="36" inset="0,2,0,2" pos="0,0,0,36">
										<Option name="OptM30" enabled="false" width="32" selectedimage="Theme\Option\indicatorLight_selected.jpg" normalimage="Theme\Option\indicatorLight_normal.jpg" disabledtextcolor="0xFF000000" />
										<HorizontalLayout width="5" />
										<Button name="BtnM30" enabled="true" text="横梁前进" width="160" disabledtextcolor="0xFF000000" />
									</HorizontalLayout>
									<HorizontalLayout height="36" inset="0,2,0,2" pos="0,0,0,36">
										<Option name="OptM31" enabled="false" width="32" selectedimage="Theme\Option\indicatorLight_selected.jpg" normalimage="Theme\Option\indicatorLight_normal.jpg" disabledtextcolor="0xFF000000" />
										<HorizontalLayout width="5" />
										<Button name="BtnM31" enabled="true" text="横梁后退" width="160" disabledtextcolor="0xFF000000" />
									</HorizontalLayout>
									<HorizontalLayout height="36" inset="0,2,0,2" pos="0,0,0,36">
										<Option name="OptM32" enabled="false" width="32" selectedimage="Theme\Option\indicatorLight_selected.jpg" normalimage="Theme\Option\indicatorLight_normal.jpg" disabledtextcolor="0xFF000000" />
										<HorizontalLayout width="5" />
										<Button name="BtnM32" enabled="true" text="横梁停止" width="160" disabledtextcolor="0xFF000000" />
									</HorizontalLayout>
								</VerticalLayout>
								<VerticalLayout corner="10,10,10,10">
									<HorizontalLayout height="36" inset="0,2,0,2" pos="0,0,0,36">
										<Option name="OptM33" enabled="false" width="32" selectedimage="Theme\Option\indicatorLight_selected.jpg" normalimage="Theme\Option\indicatorLight_normal.jpg" disabledtextcolor="0xFF000000" />
										<HorizontalLayout width="5" />
										<Button name="BtnM33" enabled="true" text="左水平轴向左点动" width="160" disabledtextcolor="0xFF000000" />
									</HorizontalLayout>
									<HorizontalLayout height="36" inset="0,2,0,2" pos="0,0,0,36">
										<Option name="OptM34" enabled="false" width="32" selectedimage="Theme\Option\indicatorLight_selected.jpg" normalimage="Theme\Option\indicatorLight_normal.jpg" disabledtextcolor="0xFF000000" />
										<HorizontalLayout width="5" />
										<Button name="BtnM34" enabled="true" text="左水平轴向右点动" width="160" disabledtextcolor="0xFF000000" />
									</HorizontalLayout>
									<HorizontalLayout height="36" inset="0,2,0,2" pos="0,0,0,36">
										<Option name="OptM35" enabled="false" width="32" selectedimage="Theme\Option\indicatorLight_selected.jpg" normalimage="Theme\Option\indicatorLight_normal.jpg" disabledtextcolor="0xFF000000" />
										<HorizontalLayout width="5" />
										<Label name="LabelM35" text="左水平轴回原点" align="center" width="160" />
									</HorizontalLayout>
									<HorizontalLayout height="36" inset="0,2,0,2" pos="0,0,0,36">
										<Option name="OptM36" enabled="false" width="32" selectedimage="Theme\Option\indicatorLight_selected.jpg" normalimage="Theme\Option\indicatorLight_normal.jpg" disabledtextcolor="0xFF000000" />
										<HorizontalLayout width="5" />
										<Label name="LabelM36" text="左水平轴绝对定位" align="center" width="160" />
									</HorizontalLayout>
									<HorizontalLayout height="36" inset="0,2,0,2" pos="0,0,0,36">
										<Option name="OptM37" enabled="false" width="32" selectedimage="Theme\Option\indicatorLight_selected.jpg" normalimage="Theme\Option\indicatorLight_normal.jpg" disabledtextcolor="0xFF000000" />
										<HorizontalLayout width="5" />
										<Label name="LabelM37" text="左水平轴相对定位" align="center" width="160" />
									</HorizontalLayout>
									<HorizontalLayout height="36" inset="0,2,0,2" pos="0,0,0,36">
										<Option name="OptM41" enabled="false" width="32" selectedimage="Theme\Option\indicatorLight_selected.jpg" normalimage="Theme\Option\indicatorLight_normal.jpg" disabledtextcolor="0xFF000000" />
										<HorizontalLayout width="5" />
										<Label name="LabelM41" text="左上下轴回原点" align="center" width="160" />
									</HorizontalLayout>
									<HorizontalLayout height="36" inset="0,2,0,2" pos="0,0,0,36">
										<Option name="OptM42" enabled="false" width="32" selectedimage="Theme\Option\indicatorLight_selected.jpg" normalimage="Theme\Option\indicatorLight_normal.jpg" disabledtextcolor="0xFF000000" />
										<HorizontalLayout width="5" />
										<Button name="BtnM42" enabled="true" text="左上下轴向上点动" width="160" disabledtextcolor="0xFF000000" />
									</HorizontalLayout>
									<HorizontalLayout height="36" inset="0,2,0,2" pos="0,0,0,36">
										<Option name="OptM43" enabled="false" width="32" selectedimage="Theme\Option\indicatorLight_selected.jpg" normalimage="Theme\Option\indicatorLight_normal.jpg" disabledtextcolor="0xFF000000" />
										<HorizontalLayout width="5" />
										<Button name="BtnM43" enabled="true" text="左上下轴向下点动" width="160" disabledtextcolor="0xFF000000" />
									</HorizontalLayout>
									<HorizontalLayout height="36" inset="0,2,0,2" pos="0,0,0,36">
										<Option name="OptM44" enabled="false" width="32" selectedimage="Theme\Option\indicatorLight_selected.jpg" normalimage="Theme\Option\indicatorLight_normal.jpg" disabledtextcolor="0xFF000000" />
										<HorizontalLayout width="5" />
										<Label name="LabelM44" text="左上下轴参考点" align="center" width="160" />
									</HorizontalLayout>
									<HorizontalLayout height="36" inset="0,2,0,2" pos="0,0,0,36">
										<Option name="OptM45" enabled="false" width="32" selectedimage="Theme\Option\indicatorLight_selected.jpg" normalimage="Theme\Option\indicatorLight_normal.jpg" disabledtextcolor="0xFF000000" />
										<HorizontalLayout width="5" />
										<Label name="LabelM45" text="左上下轴绝对定位" align="center" width="160" />
									</HorizontalLayout>
									<HorizontalLayout height="36" inset="0,2,0,2" pos="0,0,0,36">
										<Option name="OptM46" enabled="false" width="32" selectedimage="Theme\Option\indicatorLight_selected.jpg" normalimage="Theme\Option\indicatorLight_normal.jpg" disabledtextcolor="0xFF000000" />
										<HorizontalLayout width="5" />
										<Label name="LabelM46" text="左上下轴相对定位" align="center" width="160" />
									</HorizontalLayout>
									<HorizontalLayout height="36" inset="0,2,0,2" pos="0,0,0,36">
										<Option name="OptM47" enabled="false" width="32" selectedimage="Theme\Option\indicatorLight_selected.jpg" normalimage="Theme\Option\indicatorLight_normal.jpg" disabledtextcolor="0xFF000000" />
										<HorizontalLayout width="5" />
										<Button name="BtnM47" enabled="true" text="右水平轴向左点动" width="160" disabledtextcolor="0xFF000000" />
									</HorizontalLayout>
									<HorizontalLayout height="36" inset="0,2,0,2" pos="0,0,0,36">
										<Option name="OptM50" enabled="false" width="32" selectedimage="Theme\Option\indicatorLight_selected.jpg" normalimage="Theme\Option\indicatorLight_normal.jpg" disabledtextcolor="0xFF000000" />
										<HorizontalLayout width="5" />
										<Button name="BtnM50" enabled="true" text="右水平轴向右点动" width="160" disabledtextcolor="0xFF000000" />
									</HorizontalLayout>
									<HorizontalLayout height="36" inset="0,2,0,2" pos="0,0,0,36">
										<Option name="OptM51" enabled="false" width="32" selectedimage="Theme\Option\indicatorLight_selected.jpg" normalimage="Theme\Option\indicatorLight_normal.jpg" disabledtextcolor="0xFF000000" />
										<HorizontalLayout width="5" />
										<Label name="LabeM51" text="右水平轴回原点" align="center" width="160" />
									</HorizontalLayout>
									<HorizontalLayout height="36" inset="0,2,0,2" pos="0,0,0,36">
										<Option name="OptM52" enabled="false" width="32" selectedimage="Theme\Option\indicatorLight_selected.jpg" normalimage="Theme\Option\indicatorLight_normal.jpg" disabledtextcolor="0xFF000000" />
										<HorizontalLayout width="5" />
										<Label name="LabelM52" text="右水平轴绝对定位" align="center" width="160" />
									</HorizontalLayout>
									<HorizontalLayout height="36" inset="0,2,0,2" pos="0,0,0,36">
										<Option name="OptM53" enabled="false" width="32" selectedimage="Theme\Option\indicatorLight_selected.jpg" normalimage="Theme\Option\indicatorLight_normal.jpg" disabledtextcolor="0xFF000000" />
										<HorizontalLayout width="5" />
										<Label name="LabelM53" text="右水平轴相对定位" align="center" width="160" />
									</HorizontalLayout>
									<HorizontalLayout height="36" inset="0,2,0,2" pos="0,0,0,36">
										<Option name="OptM54" enabled="false" width="32" selectedimage="Theme\Option\indicatorLight_selected.jpg" normalimage="Theme\Option\indicatorLight_normal.jpg" disabledtextcolor="0xFF000000" />
										<HorizontalLayout width="5" />
										<Label name="LabelM54" text="右水平轴参考点" align="center" width="160" />
									</HorizontalLayout>
									<HorizontalLayout height="36" inset="0,2,0,2" pos="0,0,0,36">
										<Option name="OptM55" enabled="false" width="32" selectedimage="Theme\Option\indicatorLight_selected.jpg" normalimage="Theme\Option\indicatorLight_normal.jpg" disabledtextcolor="0xFF000000" />
										<HorizontalLayout width="5" />
										<Button name="BtnM55" enabled="true" text="右上下轴向上点动" width="160" disabledtextcolor="0xFF000000" />
									</HorizontalLayout>
									<HorizontalLayout height="36" inset="0,2,0,2" pos="0,0,0,36">
										<Option name="OptM56" enabled="false" width="32" selectedimage="Theme\Option\indicatorLight_selected.jpg" normalimage="Theme\Option\indicatorLight_normal.jpg" disabledtextcolor="0xFF000000" />
										<HorizontalLayout width="5" />
										<Button name="BtnM56" enabled="true" text="右上下轴向下点动" width="160" disabledtextcolor="0xFF000000" />
									</HorizontalLayout>
									<HorizontalLayout height="36" inset="0,2,0,2" pos="0,0,0,36">
										<Option name="OptM57" enabled="false" width="32" selectedimage="Theme\Option\indicatorLight_selected.jpg" normalimage="Theme\Option\indicatorLight_normal.jpg" disabledtextcolor="0xFF000000" />
										<HorizontalLayout width="5" />
										<Label name="LabelM57" text="右上下轴回原点" align="center" width="160" />
									</HorizontalLayout>
									<HorizontalLayout height="36" inset="0,2,0,2" pos="0,0,0,36">
										<Option name="OptM60" enabled="false" width="32" selectedimage="Theme\Option\indicatorLight_selected.jpg" normalimage="Theme\Option\indicatorLight_normal.jpg" disabledtextcolor="0xFF000000" />
										<HorizontalLayout width="5" />
										<Label name="LabelM60" text="右上下轴参考点" align="center" width="160" />
									</HorizontalLayout>
									<HorizontalLayout height="36" inset="0,2,0,2" pos="0,0,0,36">
										<Option name="OptM61" enabled="false" width="32" selectedimage="Theme\Option\indicatorLight_selected.jpg" normalimage="Theme\Option\indicatorLight_normal.jpg" disabledtextcolor="0xFF000000" />
										<HorizontalLayout width="5" />
										<Label name="LabelM61" text="右上下轴绝对定位" align="center" width="160" />
									</HorizontalLayout>
									<HorizontalLayout height="36" inset="0,2,0,2" pos="0,0,0,36">
										<Option name="OptM62" enabled="false" width="32" selectedimage="Theme\Option\indicatorLight_selected.jpg" normalimage="Theme\Option\indicatorLight_normal.jpg" disabledtextcolor="0xFF000000" />
										<HorizontalLayout width="5" />
										<Label name="LabelM62" text="右上下轴相对定位" align="center" width="160" />
									</HorizontalLayout>
								</VerticalLayout>
							</HorizontalLayout>
						</VerticalLayout>
						<Label text="继电器" float="true" pos="20,0,0,0" bkcolor="0xFFFEFEFE" width="45" height="20" />
					</HorizontalLayout>
				</VerticalLayout>
				<VerticalLayout width="240">
					<HorizontalLayout inset="10,10,10,10">
						<VerticalLayout bkimage="file='Theme\Button\bkimage.png' corner='3,3,3,3'" inset="10,15,10,10">
							<HorizontalLayout height="36" inset="0,2,0,2" pos="0,0,0,36">
								<Option name="OptI00" enabled="false" width="32" selectedimage="Theme\Option\indicatorLight_selected.jpg" normalimage="Theme\Option\indicatorLight_normal.jpg" disabledtextcolor="0xFF000000" />
								<HorizontalLayout width="5" />
								<Label name="LabelI00" text="卡盘辅助缸升到位" align="center" width="160" />
							</HorizontalLayout>
							<HorizontalLayout height="36" inset="0,2,0,2" pos="0,0,0,36">
								<Option name="OptI01" enabled="false" width="32" selectedimage="Theme\Option\indicatorLight_selected.jpg" normalimage="Theme\Option\indicatorLight_normal.jpg" disabledtextcolor="0xFF000000" />
								<HorizontalLayout width="5" />
								<Label name="LabelI01" text="卡盘辅助缸降到位" align="center" width="160" />
							</HorizontalLayout>
							<HorizontalLayout height="36" inset="0,2,0,2" pos="0,0,0,36">
								<Option name="OptI02" enabled="false" width="32" selectedimage="Theme\Option\indicatorLight_selected.jpg" normalimage="Theme\Option\indicatorLight_normal.jpg" disabledtextcolor="0xFF000000" />
								<HorizontalLayout width="5" />
								<Label name="LabelI02" text="轮饼提升缸1升到位" align="center" width="160" />
							</HorizontalLayout>
							<HorizontalLayout height="36" inset="0,2,0,2" pos="0,0,0,36">
								<Option name="OptI03" enabled="false" width="32" selectedimage="Theme\Option\indicatorLight_selected.jpg" normalimage="Theme\Option\indicatorLight_normal.jpg" disabledtextcolor="0xFF000000" />
								<HorizontalLayout width="5" />
								<Label name="LabelI03" text="轮饼提升缸1降到位" align="center" width="160" />
							</HorizontalLayout>
							<HorizontalLayout height="36" inset="0,2,0,2" pos="0,0,0,36">
								<Option name="OptI04" enabled="false" width="32" selectedimage="Theme\Option\indicatorLight_selected.jpg" normalimage="Theme\Option\indicatorLight_normal.jpg" disabledtextcolor="0xFF000000" />
								<HorizontalLayout width="5" />
								<Label name="LabelI04" text="轮饼提升缸2升到位" align="center" width="160" />
							</HorizontalLayout>
							<HorizontalLayout height="36" inset="0,2,0,2" pos="0,0,0,36">
								<Option name="OptI05" enabled="false" width="32" selectedimage="Theme\Option\indicatorLight_selected.jpg" normalimage="Theme\Option\indicatorLight_normal.jpg" disabledtextcolor="0xFF000000" />
								<HorizontalLayout width="5" />
								<Label name="LabelI05" text="轮饼提升缸2降到位" align="center" width="160" />
							</HorizontalLayout>
							<HorizontalLayout height="36" inset="0,2,0,2" pos="0,0,0,36">
								<Option name="OptI06" enabled="false" width="32" selectedimage="Theme\Option\indicatorLight_selected.jpg" normalimage="Theme\Option\indicatorLight_normal.jpg" disabledtextcolor="0xFF000000" />
								<HorizontalLayout width="5" />
								<Label name="LabelI06" text="轮饼提升缸3升到位" align="center" width="160" />
							</HorizontalLayout>
							<HorizontalLayout height="36" inset="0,2,0,2" pos="0,0,0,36">
								<Option name="OptI07" enabled="false" width="32" selectedimage="Theme\Option\indicatorLight_selected.jpg" normalimage="Theme\Option\indicatorLight_normal.jpg" disabledtextcolor="0xFF000000" />
								<HorizontalLayout width="5" />
								<Label name="LabelI07" text="轮饼提升缸3降到位" align="center" width="160" />
							</HorizontalLayout>
							<HorizontalLayout height="36" inset="0,2,0,2" pos="0,0,0,36">
								<Option name="OptI10" enabled="false" width="32" selectedimage="Theme\Option\indicatorLight_selected.jpg" normalimage="Theme\Option\indicatorLight_normal.jpg" disabledtextcolor="0xFF000000" />
								<HorizontalLayout width="5" />
								<Label name="LabelI10" text="左横梁缸进到位" align="center" width="160" />
							</HorizontalLayout>
							<HorizontalLayout height="36" inset="0,2,0,2" pos="0,0,0,36">
								<Option name="OptI11" enabled="false" width="32" selectedimage="Theme\Option\indicatorLight_selected.jpg" normalimage="Theme\Option\indicatorLight_normal.jpg" disabledtextcolor="0xFF000000" />
								<HorizontalLayout width="5" />
								<Label name="LabelI11" text="左横梁缸退到位" align="center" width="160" />
							</HorizontalLayout>
							<HorizontalLayout height="36" inset="0,2,0,2" pos="0,0,0,36">
								<Option name="OptI12" enabled="false" width="32" selectedimage="Theme\Option\indicatorLight_selected.jpg" normalimage="Theme\Option\indicatorLight_normal.jpg" disabledtextcolor="0xFF000000" />
								<HorizontalLayout width="5" />
								<Label name="LabelI12" text="右横梁缸进到位" align="center" width="160" />
							</HorizontalLayout>
							<HorizontalLayout height="36" inset="0,2,0,2" pos="0,0,0,36">
								<Option name="OptI13" enabled="false" width="32" selectedimage="Theme\Option\indicatorLight_selected.jpg" normalimage="Theme\Option\indicatorLight_normal.jpg" disabledtextcolor="0xFF000000" />
								<HorizontalLayout width="5" />
								<Label name="LabelI13" text="右横梁缸退到位" align="center" width="160" />
							</HorizontalLayout>
							<HorizontalLayout height="36" inset="0,2,0,2" pos="0,0,0,36">
								<Option name="OptI14" enabled="false" width="32" selectedimage="Theme\Option\indicatorLight_selected.jpg" normalimage="Theme\Option\indicatorLight_normal.jpg" disabledtextcolor="0xFF000000" />
								<HorizontalLayout width="5" />
								<Label name="LabelI14" text="左水平伺服左极限" align="center" width="160" />
							</HorizontalLayout>
							<HorizontalLayout height="36" inset="0,2,0,2" pos="0,0,0,36">
								<Option name="OptI15" enabled="false" width="32" selectedimage="Theme\Option\indicatorLight_selected.jpg" normalimage="Theme\Option\indicatorLight_normal.jpg" disabledtextcolor="0xFF000000" />
								<HorizontalLayout width="5" />
								<Label name="LabelI15" text="左水平伺服右极限" align="center" width="160" />
							</HorizontalLayout>
							<HorizontalLayout height="36" inset="0,2,0,2" pos="0,0,0,36">
								<Option name="OptI16" enabled="false" width="32" selectedimage="Theme\Option\indicatorLight_selected.jpg" normalimage="Theme\Option\indicatorLight_normal.jpg" disabledtextcolor="0xFF000000" />
								<HorizontalLayout width="5" />
								<Label name="LabelI16" text="左水平伺服原点" align="center" width="160" />
							</HorizontalLayout>
							<HorizontalLayout height="36" inset="0,2,0,2" pos="0,0,0,36">
								<Option name="OptI17" enabled="false" width="32" selectedimage="Theme\Option\indicatorLight_selected.jpg" normalimage="Theme\Option\indicatorLight_normal.jpg" disabledtextcolor="0xFF000000" />
								<HorizontalLayout width="5" />
								<Label name="LabelI17" text="右水平伺服左极限" align="center" width="160" />
							</HorizontalLayout>
							<HorizontalLayout height="36" inset="0,2,0,2" pos="0,0,0,36">
								<Option name="OptI20" enabled="false" width="32" selectedimage="Theme\Option\indicatorLight_selected.jpg" normalimage="Theme\Option\indicatorLight_normal.jpg" disabledtextcolor="0xFF000000" />
								<HorizontalLayout width="5" />
								<Label name="LabelI20" text="右水平伺服右极限" align="center" width="160" />
							</HorizontalLayout>
							<HorizontalLayout height="36" inset="0,2,0,2" pos="0,0,0,36">
								<Option name="OptI21" enabled="false" width="32" selectedimage="Theme\Option\indicatorLight_selected.jpg" normalimage="Theme\Option\indicatorLight_normal.jpg" disabledtextcolor="0xFF000000" />
								<HorizontalLayout width="5" />
								<Label name="LabelI21" text="右水平伺服原点" align="center" width="160" />
							</HorizontalLayout>
							<HorizontalLayout height="36" inset="0,2,0,2" pos="0,0,0,36">
								<Option name="OptI80" enabled="false" width="32" selectedimage="Theme\Option\indicatorLight_selected.jpg" normalimage="Theme\Option\indicatorLight_normal.jpg" disabledtextcolor="0xFF000000" />
								<HorizontalLayout width="5" />
								<Label name="LabelI80" text="左上下伺服上极限" align="center" width="160" />
							</HorizontalLayout>
							<HorizontalLayout height="36" inset="0,2,0,2" pos="0,0,0,36">
								<Option name="OptI81" enabled="false" width="32" selectedimage="Theme\Option\indicatorLight_selected.jpg" normalimage="Theme\Option\indicatorLight_normal.jpg" disabledtextcolor="0xFF000000" />
								<HorizontalLayout width="5" />
								<Label name="LabelI81" text="左上下伺服下极限" align="center" width="160" />
							</HorizontalLayout>
							<HorizontalLayout height="36" inset="0,2,0,2" pos="0,0,0,36">
								<Option name="OptI82" enabled="false" width="32" selectedimage="Theme\Option\indicatorLight_selected.jpg" normalimage="Theme\Option\indicatorLight_normal.jpg" disabledtextcolor="0xFF000000" />
								<HorizontalLayout width="5" />
								<Label name="LabelI82" text="左上下伺服原点" align="center" width="160" />
							</HorizontalLayout>
							<HorizontalLayout height="36" inset="0,2,0,2" pos="0,0,0,36">
								<Option name="OptI83" enabled="false" width="32" selectedimage="Theme\Option\indicatorLight_selected.jpg" normalimage="Theme\Option\indicatorLight_normal.jpg" disabledtextcolor="0xFF000000" />
								<HorizontalLayout width="5" />
								<Label name="LabelI83" text="左上下伺服上极限" align="center" width="160" />
							</HorizontalLayout>
							<HorizontalLayout height="36" inset="0,2,0,2" pos="0,0,0,36">
								<Option name="OptI84" enabled="false" width="32" selectedimage="Theme\Option\indicatorLight_selected.jpg" normalimage="Theme\Option\indicatorLight_normal.jpg" disabledtextcolor="0xFF000000" />
								<HorizontalLayout width="5" />
								<Label name="LabelI84" text="左上下伺服下极限" align="center" width="160" />
							</HorizontalLayout>
							<HorizontalLayout height="36" inset="0,2,0,2" pos="0,0,0,36">
								<Option name="OptI85" enabled="false" width="32" selectedimage="Theme\Option\indicatorLight_selected.jpg" normalimage="Theme\Option\indicatorLight_normal.jpg" disabledtextcolor="0xFF000000" />
								<HorizontalLayout width="5" />
								<Label name="LabelI85" text="左上下伺服原点" align="center" width="160" />
							</HorizontalLayout>
							<HorizontalLayout height="36" inset="0,2,0,2" pos="0,0,0,36">
								<Option name="OptI86" enabled="false" width="32" selectedimage="Theme\Option\indicatorLight_selected.jpg" normalimage="Theme\Option\indicatorLight_normal.jpg" disabledtextcolor="0xFF000000" />
								<HorizontalLayout width="5" />
								<Label name="LabelI86" text="卡盘旋转变频器故障" align="center" width="160" />
							</HorizontalLayout>
						</VerticalLayout>
						<Label text="输入点" float="true" pos="20,0,0,0" bkcolor="0xFFFEFEFE" width="45" height="20" />
					</HorizontalLayout>
				</VerticalLayout>
				<VerticalLayout width="240">
					<HorizontalLayout inset="10,10,10,10">
						<VerticalLayout bkimage="file='Theme\Button\bkimage.png' corner='3,3,3,3'" inset="10,15,10,10">
							<HorizontalLayout height="36" inset="0,2,0,2" pos="0,0,0,36">
								<Option name="OptQ00" enabled="false" width="32" selectedimage="Theme\Option\indicatorLight_selected.jpg" normalimage="Theme\Option\indicatorLight_normal.jpg" disabledtextcolor="0xFF000000" />
								<HorizontalLayout width="5" />
								<Label name="LabelQ00" text="卡盘旋转电机正转" align="center" width="160" />
							</HorizontalLayout>
							<HorizontalLayout height="36" inset="0,2,0,2" pos="0,0,0,36">
								<Option name="OptQ01" enabled="false" width="32" selectedimage="Theme\Option\indicatorLight_selected.jpg" normalimage="Theme\Option\indicatorLight_normal.jpg" disabledtextcolor="0xFF000000" />
								<HorizontalLayout width="5" />
								<Label name="LabelQ01" text="卡盘旋转电机反转" align="center" width="160" />
							</HorizontalLayout>
							<HorizontalLayout height="36" inset="0,2,0,2" pos="0,0,0,36">
								<Option name="OptQ02" enabled="false" width="32" selectedimage="Theme\Option\indicatorLight_selected.jpg" normalimage="Theme\Option\indicatorLight_normal.jpg" disabledtextcolor="0xFF000000" />
								<HorizontalLayout width="5" />
								<Label name="LabelQ02" text="卡盘旋转电机故障复位" align="center" width="160" />
							</HorizontalLayout>
							<HorizontalLayout height="36" inset="0,2,0,2" pos="0,0,0,36">
								<Option name="OptQ03" enabled="false" width="32" selectedimage="Theme\Option\indicatorLight_selected.jpg" normalimage="Theme\Option\indicatorLight_normal.jpg" disabledtextcolor="0xFF000000" />
								<HorizontalLayout width="5" />
								<Label name="LabelQ03" text="左上下伺服刹车" align="center" width="160" />
							</HorizontalLayout>
							<HorizontalLayout height="36" inset="0,2,0,2" pos="0,0,0,36">
								<Option name="OptQ04" enabled="false" width="32" selectedimage="Theme\Option\indicatorLight_selected.jpg" normalimage="Theme\Option\indicatorLight_normal.jpg" disabledtextcolor="0xFF000000" />
								<HorizontalLayout width="5" />
								<Label name="LabelQ04" text="右上下伺服刹车" align="center" width="160" />
							</HorizontalLayout>
							<HorizontalLayout height="36" inset="0,2,0,2" pos="0,0,0,36">
								<Option name="OptQ05" enabled="false" width="32" selectedimage="Theme\Option\indicatorLight_selected.jpg" normalimage="Theme\Option\indicatorLight_normal.jpg" disabledtextcolor="0xFF000000" />
								<HorizontalLayout width="5" />
								<Label name="LabelQ05" text="水箱电磁阀" align="center" width="160" />
							</HorizontalLayout>
							<HorizontalLayout height="36" inset="0,2,0,2" pos="0,0,0,36">
								<Option name="OptQ06" enabled="false" width="32" selectedimage="Theme\Option\indicatorLight_selected.jpg" normalimage="Theme\Option\indicatorLight_normal.jpg" disabledtextcolor="0xFF000000" />
								<HorizontalLayout width="5" />
								<Label name="LabelQ06" text="横梁移动进" align="center" width="160" />
							</HorizontalLayout>
							<HorizontalLayout height="36" inset="0,2,0,2" pos="0,0,0,36">
								<Option name="OptQ07" enabled="false" width="32" selectedimage="Theme\Option\indicatorLight_selected.jpg" normalimage="Theme\Option\indicatorLight_normal.jpg" disabledtextcolor="0xFF000000" />
								<HorizontalLayout width="5" />
								<Label name="LabelQ07" text="横梁移动退" align="center" width="160" />
							</HorizontalLayout>
							<HorizontalLayout height="36" inset="0,2,0,2" pos="0,0,0,36">
								<Option name="OptQ10" enabled="false" width="32" selectedimage="Theme\Option\indicatorLight_selected.jpg" normalimage="Theme\Option\indicatorLight_normal.jpg" disabledtextcolor="0xFF000000" />
								<HorizontalLayout width="5" />
								<Label name="LabelQ10" text="轮饼提升缸升" align="center" width="160" />
							</HorizontalLayout>
							<HorizontalLayout height="36" inset="0,2,0,2" pos="0,0,0,36">
								<Option name="OptQ11" enabled="false" width="32" selectedimage="Theme\Option\indicatorLight_selected.jpg" normalimage="Theme\Option\indicatorLight_normal.jpg" disabledtextcolor="0xFF000000" />
								<HorizontalLayout width="5" />
								<Label name="LabelQ11" text="轮饼提升缸降" align="center" width="160" />
							</HorizontalLayout>
							<HorizontalLayout height="36" inset="0,2,0,2" pos="0,0,0,36">
								<Option name="OptQ12" enabled="false" width="32" selectedimage="Theme\Option\indicatorLight_selected.jpg" normalimage="Theme\Option\indicatorLight_normal.jpg" disabledtextcolor="0xFF000000" />
								<HorizontalLayout width="5" />
								<Label name="LabelQ12" text="轮饼辅助缸升" align="center" width="160" />
							</HorizontalLayout>
							<HorizontalLayout height="36" inset="0,2,0,2" pos="0,0,0,36">
								<Option name="OptQ13" enabled="false" width="32" selectedimage="Theme\Option\indicatorLight_selected.jpg" normalimage="Theme\Option\indicatorLight_normal.jpg" disabledtextcolor="0xFF000000" />
								<HorizontalLayout width="5" />
								<Label name="LabelQ13" text="轮饼辅助缸降" align="center" width="160" />
							</HorizontalLayout>
							<HorizontalLayout height="36" inset="0,2,0,2" pos="0,0,0,36">
								<Option name="OptQ80" enabled="false" width="32" selectedimage="Theme\Option\indicatorLight_selected.jpg" normalimage="Theme\Option\indicatorLight_normal.jpg" disabledtextcolor="0xFF000000" />
								<HorizontalLayout width="5" />
								<Label name="LabelQ80" text="卡盘缸张开" align="center" width="160" />
							</HorizontalLayout>
							<HorizontalLayout height="36" inset="0,2,0,2" pos="0,0,0,36">
								<Option name="OptQ81" enabled="false" width="32" selectedimage="Theme\Option\indicatorLight_selected.jpg" normalimage="Theme\Option\indicatorLight_normal.jpg" disabledtextcolor="0xFF000000" />
								<HorizontalLayout width="5" />
								<Label name="LabelQ81" text="卡盘缸合拢" align="center" width="160" />
							</HorizontalLayout>
						</VerticalLayout>
						<Label text="输出点" float="true" pos="20,0,0,0" bkcolor="0xFFFEFEFE" width="45" height="20" />
					</HorizontalLayout>
				</VerticalLayout>
			</HorizontalLayout>
		</HorizontalLayout>
		<HorizontalLayout name="LayoutQuick" visible="true" pos="0,35,1330,1020" float="true">
			<HorizontalLayout childalign="center" childvalign="center">
				<VerticalLayout>
					<HorizontalLayout inset="10,10,10,10">
						<VerticalLayout bkimage="file='Theme\Button\bkimage.png' corner='3,3,3,3'" inset="10,15,10,10" childalign="center" childvalign="center">
							<HorizontalLayout height="96" childalign="center" childvalign="center">
								<VerticalLayout width="116" height="96">
									<HorizontalLayout>
										<VerticalLayout width="32" height="32" />
										<Button name="BtnQuickM42" width="32" height="32" bkimage="Theme\Button\plc_up_normal.jpg" hotimage="Theme\Button\plc_up_hot.jpg" />
										<VerticalLayout width="32" height="32" />
									</HorizontalLayout>
									<HorizontalLayout>
										<Button name="BtnQuickM33" width="32" height="32" bkimage="Theme\Button\plc_left_normal.jpg" hotimage="Theme\Button\plc_left_hot.jpg" />
										<VerticalLayout width="32" height="32" />
										<Button name="BtnQuickM34" width="32" height="32" bkimage="Theme\Button\plc_right_normal.jpg" hotimage="Theme\Button\plc_right_hot.jpg" />
									</HorizontalLayout>
									<HorizontalLayout>
										<VerticalLayout width="32" height="32" />
										<Button name="BtnQuickM43" width="32" height="32" bkimage="Theme\Button\plc_down_normal.jpg" hotimage="Theme\Button\plc_down_hot.jpg" />
										<VerticalLayout width="32" height="32" />
									</HorizontalLayout>
								</VerticalLayout>
								<VerticalLayout>
									<HorizontalLayout height="8" />
									<HorizontalLayout height="42" inset="5,5,5,5">
										<Label text="左极限" width="45" align="center" />
										<HorizontalLayout width="5" />
										<Option name="OptQuickI14" enabled="false" width="32" selectedimage="Theme\Option\indicatorLight_selected.jpg" normalimage="Theme\Option\indicatorLight_error.jpg" disabledtextcolor="0xFF000000" />
										<HorizontalLayout width="5" />
										<Label text="右极限" width="45" align="center" />
										<HorizontalLayout width="5" />
										<Option name="OptQuickI15" enabled="false" width="32" selectedimage="Theme\Option\indicatorLight_selected.jpg" normalimage="Theme\Option\indicatorLight_error.jpg" disabledtextcolor="0xFF000000" />
										<Label text="水平原点" width="60" align="center" />
										<HorizontalLayout width="5" />
										<Option name="OptQuickI16" enabled="false" width="32" selectedimage="Theme\Option\indicatorLight_selected.jpg" normalimage="Theme\Option\indicatorLight_normal.jpg" disabledtextcolor="0xFF000000" />
									</HorizontalLayout>
									<HorizontalLayout height="42" inset="5,5,5,5">
										<Label text="上极限" width="45" align="center" />
										<HorizontalLayout width="5" />
										<Option name="OptQuickI80" enabled="false" width="32" selectedimage="Theme\Option\indicatorLight_selected.jpg" normalimage="Theme\Option\indicatorLight_error.jpg" disabledtextcolor="0xFF000000" />
										<HorizontalLayout width="5" />
										<Label text="下极限" width="45" align="center" />
										<HorizontalLayout width="5" />
										<Option name="OptQuickI81" enabled="false" width="32" selectedimage="Theme\Option\indicatorLight_selected.jpg" normalimage="Theme\Option\indicatorLight_error.jpg" disabledtextcolor="0xFF000000" />
										<Label text="垂直原点" width="60" align="center" />
										<HorizontalLayout width="5" />
										<Option name="OptQuickI82" enabled="false" width="32" selectedimage="Theme\Option\indicatorLight_selected.jpg" normalimage="Theme\Option\indicatorLight_normal.jpg" disabledtextcolor="0xFF000000" />
									</HorizontalLayout>
								</VerticalLayout>
							</HorizontalLayout>
							<HorizontalLayout height="32" childalign="center">
								<Label text="水平轴位置PV" width="160" align="center" />
								<Label name="LabelQuickV1008" width="80" align="center" />
								<HorizontalLayout width="80" />
							</HorizontalLayout>
							<HorizontalLayout height="32" childalign="center">
								<Label text="水平轴速度PV" width="160" align="center" />
								<Label name="LabelQuickV1012" width="80" align="center" />
								<HorizontalLayout width="80" />
							</HorizontalLayout>
							<!-- <HorizontalLayout height="32" childalign="center">
								<Label text="水平轴增量位置SV" width="160" align="center" />
								<Label name="LabelQuickV1016" width="80" align="center" />
								<Edit name="EditQuickV1016" bordersize="1" bordercolor="0x7F7F7F7F" width="80" height="28" />
							</HorizontalLayout>
							<HorizontalLayout height="32" childalign="center">
								<Label text="水平轴一次定位位置" width="160" align="center" />
								<Label name="LabelQuickV1020" width="80" align="center" />
								<Edit name="EditQuickV1020" bordersize="1" bordercolor="0x7F7F7F7F" width="80" height="28" />
							</HorizontalLayout>
							<HorizontalLayout height="32" childalign="center">
								<Label text="水平轴二次定位位置" width="160" align="center" />
								<Label name="LabelQuickV1024" width="80" align="center" />
								<Edit name="EditQuickV1024" bordersize="1" bordercolor="0x7F7F7F7F" width="80" height="28" />
							</HorizontalLayout> -->
							<HorizontalLayout height="32" childalign="center">
								<Label text="上下轴位置PV" width="160" align="center" />
								<Label name="LabelQuickV1028" width="80" align="center" />
								<HorizontalLayout width="80" />
							</HorizontalLayout>
							<HorizontalLayout height="32" childalign="center">
								<Label text="上下轴速度PV" width="160" align="center" />
								<Label name="LabelQuickV1032" width="80" align="center" />
								<HorizontalLayout width="80" />
							</HorizontalLayout>
							<!-- <HorizontalLayout height="32" childalign="center">
								<Label text="上下轴增量位置" width="160" align="center" />
								<Label name="LabelQuickV1036" width="80" align="center" />
								<Edit name="EditQuickV1036" bordersize="1" bordercolor="0x7F7F7F7F" width="80" height="28" />
							</HorizontalLayout>
							<HorizontalLayout height="32" childalign="center">
								<Label text="上下轴一次定位位置" width="160" align="center" />
								<Label name="LabelQuickV1040" width="80" align="center" />
								<Edit name="EditQuickV1040" bordersize="1" bordercolor="0x7F7F7F7F" width="80" height="28" />
							</HorizontalLayout>
							<HorizontalLayout height="32" childalign="center">
								<Label text="上下轴二次定位位置" width="160" align="center" />
								<Label name="LabelQuickV1044" width="80" align="center" />
								<Edit name="EditQuickV1044" bordersize="1" bordercolor="0x7F7F7F7F" width="80" height="28" />
							</HorizontalLayout>
							<HorizontalLayout height="32" childalign="center">
								<Label text="上下轴还原位置" width="160" align="center" />
								<Label name="LabelQuickV1096" width="80" align="center" />
								<Edit name="EditQuickV1096" bordersize="1" bordercolor="0x7F7F7F7F" width="80" height="28" />
							</HorizontalLayout> -->
						</VerticalLayout>
						<Label text="左轴" float="true" pos="20,0,0,0" bkcolor="0xFFFEFEFE" width="30" height="20" />
					</HorizontalLayout>
					<HorizontalLayout inset="10,10,10,10">
						<VerticalLayout bkimage="file='Theme\Button\bkimage.png' corner='3,3,3,3'" inset="10,15,10,10" childalign="center" childvalign="center">
							<HorizontalLayout height="96" childalign="center" childvalign="center">
								<VerticalLayout width="116" height="96">
									<HorizontalLayout>
										<VerticalLayout width="32" height="32" />
										<Button name="BtnQuickM55" width="32" height="32" bkimage="Theme\Button\plc_up_normal.jpg" hotimage="Theme\Button\plc_up_hot.jpg" />
										<VerticalLayout width="32" height="32" />
									</HorizontalLayout>
									<HorizontalLayout>
										<Button name="BtnQuickM47" width="32" height="32" bkimage="Theme\Button\plc_left_normal.jpg" hotimage="Theme\Button\plc_left_hot.jpg" />
										<VerticalLayout width="32" height="32" />
										<Button name="BtnQuickM50" width="32" height="32" bkimage="Theme\Button\plc_right_normal.jpg" hotimage="Theme\Button\plc_right_hot.jpg" />
									</HorizontalLayout>
									<HorizontalLayout>
										<VerticalLayout width="32" height="32" />
										<Button name="BtnQuickM56" width="32" height="32" bkimage="Theme\Button\plc_down_normal.jpg" hotimage="Theme\Button\plc_down_hot.jpg" />
										<VerticalLayout width="32" height="32" />
									</HorizontalLayout>
								</VerticalLayout>
								<VerticalLayout>
									<HorizontalLayout height="8" />
									<HorizontalLayout height="42" inset="5,5,5,5">
										<Label text="左极限" width="45" />
										<HorizontalLayout width="5" />
										<Option name="OptQuickI17" enabled="false" width="32" selectedimage="Theme\Option\indicatorLight_selected.jpg" normalimage="Theme\Option\indicatorLight_error.jpg" disabledtextcolor="0xFF000000" />
										<HorizontalLayout width="5" />
										<Label text="右极限" width="45" />
										<HorizontalLayout width="5" />
										<Option name="OptQuickI20" enabled="false" width="32" selectedimage="Theme\Option\indicatorLight_selected.jpg" normalimage="Theme\Option\indicatorLight_error.jpg" disabledtextcolor="0xFF000000" />
										<Label text="水平原点" width="60" />
										<HorizontalLayout width="5" />
										<Option name="OptQuickI21" enabled="false" width="32" selectedimage="Theme\Option\indicatorLight_selected.jpg" normalimage="Theme\Option\indicatorLight_normal.jpg" disabledtextcolor="0xFF000000" />
									</HorizontalLayout>
									<HorizontalLayout height="42" inset="5,5,5,5">
										<Label text="上极限" width="45" />
										<HorizontalLayout width="5" />
										<Option name="OptQuickI83" enabled="false" width="32" selectedimage="Theme\Option\indicatorLight_selected.jpg" normalimage="Theme\Option\indicatorLight_error.jpg" disabledtextcolor="0xFF000000" />
										<HorizontalLayout width="5" />
										<Label text="下极限" width="45" />
										<HorizontalLayout width="5" />
										<Option name="OptQuickI84" enabled="false" width="32" selectedimage="Theme\Option\indicatorLight_selected.jpg" normalimage="Theme\Option\indicatorLight_error.jpg" disabledtextcolor="0xFF000000" />
										<Label text="垂直原点" width="60" />
										<HorizontalLayout width="5" />
										<Option name="OptQuickI85" enabled="false" width="32" selectedimage="Theme\Option\indicatorLight_selected.jpg" normalimage="Theme\Option\indicatorLight_normal.jpg" disabledtextcolor="0xFF000000" />
									</HorizontalLayout>
								</VerticalLayout>
							</HorizontalLayout>
							<HorizontalLayout height="32" childalign="center">
								<Label text="水平轴位置PV" width="160" align="center" />
								<Label name="LabelQuickV1048" width="80" align="center" />
								<HorizontalLayout width="80" />
							</HorizontalLayout>
							<HorizontalLayout height="32" childalign="center">
								<Label text="水平轴速度PV" width="160" align="center" />
								<Label name="LabelQuickV1052" width="80" align="center" />
								<HorizontalLayout width="80" />
							</HorizontalLayout>
							<!-- <HorizontalLayout height="32" childalign="center">
								<Label text="水平轴增量位置SV" width="160" align="center" />
								<Label name="LabelQuickV1056" width="80" align="center" />
								<Edit name="EditQuickV1056" bordersize="1" bordercolor="0x7F7F7F7F" width="80" height="28" />
							</HorizontalLayout>
							<HorizontalLayout height="32" childalign="center">
								<Label text="水平轴一次定位位置" width="160" align="center" />
								<Label name="LabelQuickV1060" width="80" align="center" />
								<Edit name="EditQuickV1060" bordersize="1" bordercolor="0x7F7F7F7F" width="80" height="28" />
							</HorizontalLayout>
							<HorizontalLayout height="32" childalign="center">
								<Label text="水平轴二次定位位置" width="160" align="center" />
								<Label name="LabelQuickV1064" width="80" align="center" />
								<Edit name="EditQuickV1064" bordersize="1" bordercolor="0x7F7F7F7F" width="80" height="28" />
							</HorizontalLayout> -->
							<HorizontalLayout height="32" childalign="center">
								<Label text="上下轴位置PV" width="160" align="center" />
								<Label name="LabelQuickV1068" width="80" align="center" />
								<HorizontalLayout width="80" />
							</HorizontalLayout>
							<HorizontalLayout height="32" childalign="center">
								<Label text="上下轴速度PV" width="160" align="center" />
								<Label name="LabelQuickV1072" width="80" align="center" />
								<HorizontalLayout width="80" />
							</HorizontalLayout>
							<!-- <HorizontalLayout height="32" childalign="center">
								<Label text="上下轴增量位置" width="160" align="center" />
								<Label name="LabelQuickV1076" width="80" align="center" />
								<Edit name="EditQuickV1076" bordersize="1" bordercolor="0x7F7F7F7F" width="80" height="28" />
							</HorizontalLayout>
							<HorizontalLayout height="32" childalign="center">
								<Label text="上下轴一次定位位置" width="160" align="center" />
								<Label name="LabelQuickV1080" width="80" align="center" />
								<Edit name="EditQuickV1080" bordersize="1" bordercolor="0x7F7F7F7F" width="80" height="28" />
							</HorizontalLayout>
							<HorizontalLayout height="32" childalign="center">
								<Label text="上下轴二次定位位置" width="160" align="center" />
								<Label name="LabelQuickV1084" width="80" align="center" />
								<Edit name="EditQuickV1084" bordersize="1" bordercolor="0x7F7F7F7F" width="80" height="28" />
							</HorizontalLayout>
							<HorizontalLayout width="403" height="32" childalign="center" pos="0,0,403,32">
								<Label text="水平轴还原位置" width="160" height="32" align="center" pos="0,0,160,32" />
								<Label name="LabelQuickV1100" width="80" align="center" />
								<Edit name="EditQuickV1100" bordersize="1" bordercolor="0x7F7F7F7F" width="80" height="28" />
							</HorizontalLayout> -->
						</VerticalLayout>
						<Label text="右轴" float="true" pos="20,0,0,0" bkcolor="0xFFFEFEFE" width="30" height="20" />
					</HorizontalLayout>
				</VerticalLayout>
				<VerticalLayout>
					<HorizontalLayout height="380" inset="10,10,10,10">
						<VerticalLayout bkimage="file='Theme\Button\bkimage.png' corner='3,3,3,3'" inset="10,15,10,10" childalign="center" childvalign="center">
							<VerticalLayout>
								<HorizontalLayout height="32" childalign="center">
									<Label text="卡盘角度" width="160" align="center" />
									<Label name="LabelQuickV1000" valign="center" width="80" />
									<HorizontalLayout width="80" />
								</HorizontalLayout>
								<HorizontalLayout height="32" childalign="center">
									<Label text="卡盘速度SV" width="160" align="center" />
									<Label name="LabelQuickV1004" valign="center" width="80" />
									<Edit name="EditQuickV1004" bordersize="1" bordercolor="0x7F7F7F7F" width="80" height="28" />
								</HorizontalLayout>
								<!-- <HorizontalLayout height="32" childalign="center">
									<Label text="卡盘还原角度" width="160" align="center" />
									<Label name="LabelQuickV1104" valign="center" width="80" />
									<Edit name="EditQuickV1104" bordersize="1" bordercolor="0x7F7F7F7F" width="80" height="28" />
								</HorizontalLayout> -->
								<HorizontalLayout height="36">
									<HorizontalLayout height="36" inset="0,2,0,2" pos="0,0,0,36">
										<Option name="OptQuickQ80" enabled="false" width="32" selectedimage="Theme\Option\indicatorLight_selected.jpg" normalimage="Theme\Option\indicatorLight_normal.jpg" disabledtextcolor="0xFF000000" />
										<HorizontalLayout width="5" />
										<Button name="BtnQuickM20" enabled="true" text="卡盘张开" width="160" disabledtextcolor="0xFF000000" />
									</HorizontalLayout>
									<HorizontalLayout height="36" inset="0,2,0,2" pos="0,0,0,36">
										<Option name="OptQuickQ81" enabled="false" width="32" selectedimage="Theme\Option\indicatorLight_selected.jpg" normalimage="Theme\Option\indicatorLight_normal.jpg" disabledtextcolor="0xFF000000" />
										<HorizontalLayout width="5" />
										<Button name="BtnQuickM21" enabled="true" text="卡盘合拢" width="160" disabledtextcolor="0xFF000000" />
									</HorizontalLayout>
								</HorizontalLayout>
								<HorizontalLayout height="36">
									<HorizontalLayout height="36" inset="0,2,0,2" pos="0,0,0,36">
										<Option name="OptQuickQ00" enabled="false" width="32" selectedimage="Theme\Option\indicatorLight_selected.jpg" normalimage="Theme\Option\indicatorLight_normal.jpg" disabledtextcolor="0xFF000000" />
										<HorizontalLayout width="5" />
										<Button name="BtnQuickM22" enabled="true" text="卡盘正转" width="160" disabledtextcolor="0xFF000000" />
									</HorizontalLayout>
									<HorizontalLayout height="36" inset="0,2,0,2" pos="0,0,0,36">
										<Option name="OptQuickQ01" enabled="false" width="32" selectedimage="Theme\Option\indicatorLight_selected.jpg" normalimage="Theme\Option\indicatorLight_normal.jpg" disabledtextcolor="0xFF000000" />
										<HorizontalLayout width="5" />
										<Button name="BtnQuickM23" enabled="true" text="卡盘反转" width="160" disabledtextcolor="0xFF000000" />
									</HorizontalLayout>
								</HorizontalLayout>
								<HorizontalLayout height="36">
									<HorizontalLayout height="36" inset="0,2,0,2" pos="0,0,0,36">
										<Option name="OptQuickM24" enabled="false" width="32" selectedimage="Theme\Option\indicatorLight_selected.jpg" normalimage="Theme\Option\indicatorLight_normal.jpg" disabledtextcolor="0xFF000000" />
										<HorizontalLayout width="5" />
										<Button name="BtnQuickM24" enabled="true" text="卡盘停止" width="160" disabledtextcolor="0xFF000000" />
									</HorizontalLayout>
									<HorizontalLayout height="36" inset="0,2,0,2" pos="0,0,0,36">
										<Option name="OptQuickM25" enabled="false" width="32" selectedimage="Theme\Option\indicatorLight_selected.jpg" normalimage="Theme\Option\indicatorLight_normal.jpg" disabledtextcolor="0xFF000000" />
										<HorizontalLayout width="5" />
										<Button name="BtnQuickM25" text="卡盘变频器复位" width="160" disabledtextcolor="0xFF000000" />
									</HorizontalLayout>
								</HorizontalLayout>
								<HorizontalLayout height="20" />
								<HorizontalLayout height="36">
									<HorizontalLayout height="36" inset="0,2,0,2" pos="0,0,0,36">
										<Option name="OptQuickQ12" enabled="false" width="32" selectedimage="Theme\Option\indicatorLight_selected.jpg" normalimage="Theme\Option\indicatorLight_normal.jpg" disabledtextcolor="0xFF000000" />
										<HorizontalLayout width="5" />
										<Label name="LabelQuickQ12" align="center" text="卡盘辅助缸升" width="160" />
									</HorizontalLayout>
									<HorizontalLayout height="36" inset="0,2,0,2" pos="0,0,0,36">
										<Option name="OptQuickI00" enabled="false" width="32" selectedimage="Theme\Option\indicatorLight_selected.jpg" normalimage="Theme\Option\indicatorLight_normal.jpg" disabledtextcolor="0xFF000000" />
										<HorizontalLayout width="5" />
										<Label name="LabelQuickI00" align="center" text="卡盘辅助缸升到位" width="160" />
									</HorizontalLayout>
								</HorizontalLayout>
								<HorizontalLayout height="36">
									<HorizontalLayout height="36" inset="0,2,0,2" pos="0,0,0,36">
										<Option name="OptQuickQ13" enabled="false" width="32" selectedimage="Theme\Option\indicatorLight_selected.jpg" normalimage="Theme\Option\indicatorLight_normal.jpg" disabledtextcolor="0xFF000000" />
										<HorizontalLayout width="5" />
										<Label name="LabelQuickQ13" align="center" text="卡盘辅助缸降" width="160" />
									</HorizontalLayout>
									<HorizontalLayout height="36" inset="0,2,0,2" pos="0,0,0,36">
										<Option name="OptQuickI01" enabled="false" width="32" selectedimage="Theme\Option\indicatorLight_selected.jpg" normalimage="Theme\Option\indicatorLight_normal.jpg" disabledtextcolor="0xFF000000" />
										<HorizontalLayout width="5" />
										<Label name="LabelQuickI01" align="center" text="卡盘辅助缸降到位" width="160" />
									</HorizontalLayout>
								</HorizontalLayout>
								<HorizontalLayout height="36">
									<HorizontalLayout height="36" inset="0,2,0,2" pos="0,0,0,36">
										<Option name="OptQuickI86" enabled="false" width="32" selectedimage="Theme\Option\indicatorLight_selected.jpg" normalimage="Theme\Option\indicatorLight_normal.jpg" disabledtextcolor="0xFF000000" />
										<HorizontalLayout width="5" />
										<Label name="LabelQuickI86" align="center" text="卡盘旋转变频器故障" width="160" />
									</HorizontalLayout>
									<HorizontalLayout height="36" inset="0,2,0,2" pos="0,0,0,36">
										<Option name="OptQuickQ02" enabled="false" width="32" selectedimage="Theme\Option\indicatorLight_selected.jpg" normalimage="Theme\Option\indicatorLight_normal.jpg" disabledtextcolor="0xFF000000" />
										<HorizontalLayout width="5" />
										<Label name="LabelQuickQ02" align="center" text="卡盘旋转电机故障复位" width="160" />
									</HorizontalLayout>
								</HorizontalLayout>
							</VerticalLayout>
						</VerticalLayout>
						<Label text="卡盘" float="true" pos="20,0,0,0" bkcolor="0xFFFEFEFE" width="30" height="20" />
					</HorizontalLayout>
					<HorizontalLayout height="210" inset="10,10,10,10">
						<VerticalLayout bkimage="file='Theme\Button\bkimage.png' corner='3,3,3,3'" inset="10,15,10,10" childalign="center" childvalign="center">
							<VerticalLayout>
								<HorizontalLayout height="36">
									<HorizontalLayout height="36" inset="0,2,0,2" pos="0,0,0,36">
										<Option name="OptQuickQ06" enabled="false" width="32" selectedimage="Theme\Option\indicatorLight_selected.jpg" normalimage="Theme\Option\indicatorLight_normal.jpg" disabledtextcolor="0xFF000000" />
										<HorizontalLayout width="5" />
										<Button name="BtnQuickM30" enabled="true" text="横梁前进" width="160" disabledtextcolor="0xFF000000" />
									</HorizontalLayout>
									<HorizontalLayout height="36" inset="0,2,0,2" pos="0,0,0,36">
										<Option name="OptQuickQ07" enabled="false" width="32" selectedimage="Theme\Option\indicatorLight_selected.jpg" normalimage="Theme\Option\indicatorLight_normal.jpg" disabledtextcolor="0xFF000000" />
										<HorizontalLayout width="5" />
										<Button name="BtnQuickM31" enabled="true" text="横梁后退" width="160" disabledtextcolor="0xFF000000" />
									</HorizontalLayout>
								</HorizontalLayout>
								<HorizontalLayout height="36" inset="0,2,0,2" pos="0,0,0,36">
									<Option name="OptQuickM32" enabled="false" width="32" selectedimage="Theme\Option\indicatorLight_selected.jpg" normalimage="Theme\Option\indicatorLight_normal.jpg" disabledtextcolor="0xFF000000" />
									<HorizontalLayout width="5" />
									<Button name="BtnQuickM32" enabled="true" text="横梁停止" width="160" disabledtextcolor="0xFF000000" />
								</HorizontalLayout>
								<HorizontalLayout height="20" />
								<HorizontalLayout height="36">
									<HorizontalLayout height="36" inset="0,2,0,2" pos="0,0,0,36">
										<Option name="OptQuickI10" enabled="false" width="32" selectedimage="Theme\Option\indicatorLight_selected.jpg" normalimage="Theme\Option\indicatorLight_normal.jpg" disabledtextcolor="0xFF000000" />
										<HorizontalLayout width="5" />
										<Label name="LabelQuickI10" align="center" text="左横梁缸进到位" width="160" />
									</HorizontalLayout>
									<HorizontalLayout height="36" inset="0,2,0,2" pos="0,0,0,36">
										<Option name="OptQuickI12" enabled="false" width="32" selectedimage="Theme\Option\indicatorLight_selected.jpg" normalimage="Theme\Option\indicatorLight_normal.jpg" disabledtextcolor="0xFF000000" />
										<HorizontalLayout width="5" />
										<Label name="LabelQuickI12" align="center" text="右横梁缸进到位" width="160" />
									</HorizontalLayout>
								</HorizontalLayout>
								<HorizontalLayout height="36">
									<HorizontalLayout height="36" inset="0,2,0,2" pos="0,0,0,36">
										<Option name="OptQuickI11" enabled="false" width="32" selectedimage="Theme\Option\indicatorLight_selected.jpg" normalimage="Theme\Option\indicatorLight_normal.jpg" disabledtextcolor="0xFF000000" />
										<HorizontalLayout width="5" />
										<Label name="LabelQuickI11" align="center" text="左横梁缸退到位" width="160" />
									</HorizontalLayout>
									<HorizontalLayout height="36" inset="0,2,0,2" pos="0,0,0,36">
										<Option name="OptQuickI13" enabled="false" width="32" selectedimage="Theme\Option\indicatorLight_selected.jpg" normalimage="Theme\Option\indicatorLight_normal.jpg" disabledtextcolor="0xFF000000" />
										<HorizontalLayout width="5" />
										<Label name="LabelQuickI13" align="center" text="右横梁缸进退位" width="160" />
									</HorizontalLayout>
								</HorizontalLayout>
							</VerticalLayout>
						</VerticalLayout>
						<Label text="横梁" float="true" pos="20,0,0,0" bkcolor="0xFFFEFEFE" width="30" height="20" />
					</HorizontalLayout>
					<HorizontalLayout height="80" inset="10,10,10,10" childalign="center" childvalign="center" pos="0,0,0,80">
						<VerticalLayout bkimage="file='Theme\Button\bkimage.png' corner='3,3,3,3'" inset="10,15,10,10" childalign="center" childvalign="center">
							<HorizontalLayout childalign="center" childvalign="center">
								<HorizontalLayout height="36" inset="0,2,0,2" pos="0,0,0,36">
									<Option name="OptQuickM26" enabled="false" width="32" selectedimage="Theme\Option\indicatorLight_selected.jpg" normalimage="Theme\Option\indicatorLight_normal.jpg" disabledtextcolor="0xFF000000" />
									<HorizontalLayout width="5" />
									<Button name="BtnQuickM26" enabled="true" text="上料盘升" width="160" disabledtextcolor="0xFF000000" />
								</HorizontalLayout>
								<HorizontalLayout height="36" inset="0,2,0,2" pos="0,0,0,36">
									<Option name="OptQuickM27" enabled="false" width="32" selectedimage="Theme\Option\indicatorLight_selected.jpg" normalimage="Theme\Option\indicatorLight_normal.jpg" disabledtextcolor="0xFF000000" />
									<HorizontalLayout width="5" />
									<Button name="BtnQuickM27" enabled="true" text="上料盘降" width="160" disabledtextcolor="0xFF000000" />
								</HorizontalLayout>
							</HorizontalLayout>
						</VerticalLayout>
						<Label text="上料盘" float="true" pos="20,0,0,0" bkcolor="0xFFFEFEFE" width="45" height="20" />
					</HorizontalLayout>
					<HorizontalLayout inset="10,10,10,10">
						<VerticalLayout bkimage="file='Theme\Button\bkimage.png' corner='3,3,3,3'" inset="10,15,10,10" childalign="center" childvalign="center">
							<HorizontalLayout height="36">
								<HorizontalLayout height="36" inset="0,2,0,2" pos="0,0,0,36">
									<Option name="OptQuickQ10" enabled="false" width="32" selectedimage="Theme\Option\indicatorLight_selected.jpg" normalimage="Theme\Option\indicatorLight_normal.jpg" disabledtextcolor="0xFF000000" />
									<HorizontalLayout width="5" />
									<Label name="LabelQuickQ10" align="center" text="轮饼提升缸升" width="160" />
								</HorizontalLayout>
								<HorizontalLayout height="36" inset="0,2,0,2" pos="0,0,0,36">
									<Option name="OptQuickQ11" enabled="false" width="32" selectedimage="Theme\Option\indicatorLight_selected.jpg" normalimage="Theme\Option\indicatorLight_normal.jpg" disabledtextcolor="0xFF000000" />
									<HorizontalLayout width="5" />
									<Label name="LabelQuickQ11" align="center" text="轮饼提升缸降" width="160" />
								</HorizontalLayout>
							</HorizontalLayout>
							<HorizontalLayout height="36">
								<HorizontalLayout height="36" inset="0,2,0,2" pos="0,0,0,36">
									<Option name="OptQuickI02" enabled="false" width="32" selectedimage="Theme\Option\indicatorLight_selected.jpg" normalimage="Theme\Option\indicatorLight_normal.jpg" disabledtextcolor="0xFF000000" />
									<HorizontalLayout width="5" />
									<Label name="LabelQuickI02" align="center" text="轮饼提升缸1升到位" width="160" />
								</HorizontalLayout>
								<HorizontalLayout height="36" inset="0,2,0,2" pos="0,0,0,36">
									<Option name="OptQuickI03" enabled="false" width="32" selectedimage="Theme\Option\indicatorLight_selected.jpg" normalimage="Theme\Option\indicatorLight_normal.jpg" disabledtextcolor="0xFF000000" />
									<HorizontalLayout width="5" />
									<Label name="LabelQuickI03" align="center" text="轮饼提升缸1降到位" width="160" />
								</HorizontalLayout>
							</HorizontalLayout>
							<HorizontalLayout height="36">
								<HorizontalLayout height="36" inset="0,2,0,2" pos="0,0,0,36">
									<Option name="OptQuickI04" enabled="false" width="32" selectedimage="Theme\Option\indicatorLight_selected.jpg" normalimage="Theme\Option\indicatorLight_normal.jpg" disabledtextcolor="0xFF000000" />
									<HorizontalLayout width="5" />
									<Label name="LabelQuickI04" align="center" text="轮饼提升缸2升到位" width="160" />
								</HorizontalLayout>
								<HorizontalLayout height="36" inset="0,2,0,2" pos="0,0,0,36">
									<Option name="OptQuickI05" enabled="false" width="32" selectedimage="Theme\Option\indicatorLight_selected.jpg" normalimage="Theme\Option\indicatorLight_normal.jpg" disabledtextcolor="0xFF000000" />
									<HorizontalLayout width="5" />
									<Label name="LabelQuickI05" align="center" text="轮饼提升缸2降到位" width="160" />
								</HorizontalLayout>
							</HorizontalLayout>
							<HorizontalLayout height="36">
								<HorizontalLayout height="36" inset="0,2,0,2" pos="0,0,0,36">
									<Option name="OptQuickI06" enabled="false" width="32" selectedimage="Theme\Option\indicatorLight_selected.jpg" normalimage="Theme\Option\indicatorLight_normal.jpg" disabledtextcolor="0xFF000000" />
									<HorizontalLayout width="5" />
									<Label name="LabelQuickI06" align="center" text="轮饼提升缸3升到位" width="160" />
								</HorizontalLayout>
								<HorizontalLayout height="36" inset="0,2,0,2" pos="0,0,0,36">
									<Option name="OptQuickI07" enabled="false" width="32" selectedimage="Theme\Option\indicatorLight_selected.jpg" normalimage="Theme\Option\indicatorLight_normal.jpg" disabledtextcolor="0xFF000000" />
									<HorizontalLayout width="5" />
									<Label name="LabelQuickI07" align="center" text="轮饼提升缸3降到位" width="160" />
								</HorizontalLayout>
							</HorizontalLayout>
						</VerticalLayout>
						<Label text="轮饼提升缸" float="true" pos="20,0,0,0" bkcolor="0xFFFEFEFE" width="75" height="20" />
					</HorizontalLayout>
				</VerticalLayout>
				<VerticalLayout>
					<HorizontalLayout inset="10,10,10,10">
						<VerticalLayout bkimage="file='Theme\Button\bkimage.png' corner='3,3,3,3'" inset="10,15,10,10" childalign="center" childvalign="center">
							<HorizontalLayout height="32" childalign="center" childvalign="center">
								<Label text="IP:" valign="center" width="60" />
								<Edit name="EditIpAddr" bordersize="1" align="center" bordercolor="0x7F7F7F7F" width="120" />
								<HorizontalLayout width="15" />
								<Button name="BtnSetIpAddr" text="断开重连" width="80" />
								<HorizontalLayout width="15" />
								<Option name="OptIsConnected" enabled="false" width="32" selectedimage="Theme\Option\indicatorLight_selected.jpg" normalimage="Theme\Option\indicatorLight_normal.jpg" disabledtextcolor="0xFF000000" />
							</HorizontalLayout>
							<HorizontalLayout height="20" />
							<HorizontalLayout height="36">
								<HorizontalLayout height="36" inset="0,2,0,2" pos="0,0,0,36">
									<Option name="OptQuickM00" enabled="false" width="32" selectedimage="Theme\Option\indicatorLight_selected.jpg" normalimage="Theme\Option\indicatorLight_normal.jpg" disabledtextcolor="0xFF000000" />
									<HorizontalLayout width="5" />
									<Button name="BtnQuickM00" enabled="true" text="急停" width="160" disabledtextcolor="0xFF000000" />
								</HorizontalLayout>
								<HorizontalLayout height="36" inset="0,2,0,2" pos="0,0,0,36">
									<Option name="OptQuickM01" enabled="false" width="32" selectedimage="Theme\Option\indicatorLight_selected.jpg" normalimage="Theme\Option\indicatorLight_normal.jpg" disabledtextcolor="0xFF000000" />
									<HorizontalLayout width="5" />
									<Button name="BtnQuickM01" enabled="true" text="手自开关" width="160" disabledtextcolor="0xFF000000" />
								</HorizontalLayout>
							</HorizontalLayout>
							<HorizontalLayout height="36">
								<HorizontalLayout height="36" inset="0,2,0,2" pos="0,0,0,36">
									<Option name="OptQuickM06" enabled="false" width="32" selectedimage="Theme\Option\indicatorLight_selected.jpg" normalimage="Theme\Option\indicatorLight_normal.jpg" disabledtextcolor="0xFF000000" />
									<HorizontalLayout width="5" />
									<Button name="BtnQuickM06" enabled="true" text="一键回原点" width="160" disabledtextcolor="0xFF000000" />
								</HorizontalLayout>
								<HorizontalLayout height="36" inset="0,2,0,2" pos="0,0,0,36">
									<Option name="OptQuickM10" enabled="false" width="32" selectedimage="Theme\Option\indicatorLight_selected.jpg" normalimage="Theme\Option\indicatorLight_normal.jpg" disabledtextcolor="0xFF000000" />
									<HorizontalLayout width="5" />
									<Button name="BtnQuickM10" enabled="true" text="自动开始" width="160" disabledtextcolor="0xFF000000" />
								</HorizontalLayout>
							</HorizontalLayout>
							<HorizontalLayout height="20" />
							<HorizontalLayout height="36">
								<HorizontalLayout height="36" inset="0,2,0,2" pos="0,0,0,36">
									<Option name="OptQuickM07" enabled="false" width="32" selectedimage="Theme\Option\indicatorLight_selected.jpg" normalimage="Theme\Option\indicatorLight_normal.jpg" disabledtextcolor="0xFF000000" />
									<HorizontalLayout width="5" />
									<Label name="LabelQuickM07" align="center" text="一键回原点完成" width="160" />
								</HorizontalLayout>
								<HorizontalLayout height="36" inset="0,2,0,2" pos="0,0,0,36">
									<Option name="OptQuickQ05" enabled="false" width="32" selectedimage="Theme\Option\indicatorLight_selected.jpg" normalimage="Theme\Option\indicatorLight_normal.jpg" disabledtextcolor="0xFF000000" />
									<HorizontalLayout width="5" />
									<Button name="BtnQuickQ05" enabled="true" text="水箱电磁阀" width="160" disabledtextcolor="0xFF000000" />
								</HorizontalLayout>
							</HorizontalLayout>
							<!-- <HorizontalLayout height="20" />
							<HorizontalLayout height="32">
								<Label text="水平扫描宽度" align="center" width="160" />
								<Label name="LabelQuickV1088" align="center" width="80" />
								<Edit name="EditQuickV1088" bordersize="1" bordercolor="0x7F7F7F7F" width="80" height="28" />
							</HorizontalLayout>
							<HorizontalLayout height="32">
								<Label text="垂直扫描宽度" align="center" width="160" />
								<Label name="LabelQuickV1092" align="center" width="80" />
								<Edit name="EditQuickV1092" bordersize="1" bordercolor="0x7F7F7F7F" width="80" height="28" />
							</HorizontalLayout> -->
						</VerticalLayout>
						<Label text="其他" float="true" pos="20,0,0,0" bkcolor="0xFFFEFEFE" width="30" height="20" />
					</HorizontalLayout>
					<HorizontalLayout inset="10,10,10,10">
						<VerticalLayout bkimage="file='Theme\Button\bkimage.png' corner='3,3,3,3'" inset="10,15,10,10" childalign="center" childvalign="center">
							<HorizontalLayout height="36">
								<HorizontalLayout height="36" inset="0,2,0,2" pos="0,0,0,36">
									<Option name="OptQuickQ03" enabled="false" width="32" selectedimage="Theme\Option\indicatorLight_selected.jpg" normalimage="Theme\Option\indicatorLight_normal.jpg" disabledtextcolor="0xFF000000" />
									<HorizontalLayout width="5" />
									<Label name="LabelQuickQ03" align="center" text="左上下伺服刹车" width="160" />
								</HorizontalLayout>
								<HorizontalLayout height="36" inset="0,2,0,2" pos="0,0,0,36">
									<Option name="OptQuickQ04" enabled="false" width="32" selectedimage="Theme\Option\indicatorLight_selected.jpg" normalimage="Theme\Option\indicatorLight_normal.jpg" disabledtextcolor="0xFF000000" />
									<HorizontalLayout width="5" />
									<Label name="LabelQuickQ04" align="center" text="右上下伺服刹车" width="160" />
								</HorizontalLayout>
							</HorizontalLayout>
							<HorizontalLayout height="36">
								<HorizontalLayout height="36" inset="0,2,0,2" pos="0,0,0,36">
									<Option name="OptQuickM02" enabled="false" width="32" selectedimage="Theme\Option\indicatorLight_selected.jpg" normalimage="Theme\Option\indicatorLight_normal.jpg" disabledtextcolor="0xFF000000" />
									<HorizontalLayout width="5" />
									<Label name="LabelQuickM02" align="center" text="左水平轴定位OK" width="160" />
								</HorizontalLayout>
								<HorizontalLayout height="36" inset="0,2,0,2" pos="0,0,0,36">
									<Option name="OptQuickM04" enabled="false" width="32" selectedimage="Theme\Option\indicatorLight_selected.jpg" normalimage="Theme\Option\indicatorLight_normal.jpg" disabledtextcolor="0xFF000000" />
									<HorizontalLayout width="5" />
									<Label name="LabelQuickM04" align="center" text="右水平轴定位OK" width="160" />
								</HorizontalLayout>
							</HorizontalLayout>
							<HorizontalLayout height="36">
								<HorizontalLayout height="36" inset="0,2,0,2" pos="0,0,0,36">
									<Option name="OptQuickM03" enabled="false" width="32" selectedimage="Theme\Option\indicatorLight_selected.jpg" normalimage="Theme\Option\indicatorLight_normal.jpg" disabledtextcolor="0xFF000000" />
									<HorizontalLayout width="5" />
									<Label name="LabelQuickM03" align="center" text="左上下轴定位OK" width="160" />
								</HorizontalLayout>
								<HorizontalLayout height="36" inset="0,2,0,2" pos="0,0,0,36">
									<Option name="OptQuickM05" enabled="false" width="32" selectedimage="Theme\Option\indicatorLight_selected.jpg" normalimage="Theme\Option\indicatorLight_normal.jpg" disabledtextcolor="0xFF000000" />
									<HorizontalLayout width="5" />
									<Label name="LabelQuickM05" align="center" text="右上下轴定位OK" width="160" />
								</HorizontalLayout>
							</HorizontalLayout>
							<HorizontalLayout height="36">
								<HorizontalLayout height="36" inset="0,2,0,2" pos="0,0,0,36">
									<Option name="OptQuickM35" enabled="false" width="32" selectedimage="Theme\Option\indicatorLight_selected.jpg" normalimage="Theme\Option\indicatorLight_normal.jpg" disabledtextcolor="0xFF000000" />
									<HorizontalLayout width="5" />
									<Label name="LabelQuickM36" align="center" text="左水平轴回原点" width="160" />
								</HorizontalLayout>
								<HorizontalLayout height="36" inset="0,2,0,2" pos="0,0,0,36">
									<Option name="OptQuickM51" enabled="false" width="32" selectedimage="Theme\Option\indicatorLight_selected.jpg" normalimage="Theme\Option\indicatorLight_normal.jpg" disabledtextcolor="0xFF000000" />
									<HorizontalLayout width="5" />
									<Label name="LabelQuickM51" align="center" text="右水平轴回原点" width="160" />
								</HorizontalLayout>
							</HorizontalLayout>
							<HorizontalLayout height="36">
								<HorizontalLayout height="36" inset="0,2,0,2" pos="0,0,0,36">
									<Option name="OptQuickM36" enabled="false" width="32" selectedimage="Theme\Option\indicatorLight_selected.jpg" normalimage="Theme\Option\indicatorLight_normal.jpg" disabledtextcolor="0xFF000000" />
									<HorizontalLayout width="5" />
									<Label name="LabelQuickM36" align="center" text="左水平轴绝对定位" width="160" />
								</HorizontalLayout>
								<HorizontalLayout height="36" inset="0,2,0,2" pos="0,0,0,36">
									<Option name="OptQuickM52" enabled="false" width="32" selectedimage="Theme\Option\indicatorLight_selected.jpg" normalimage="Theme\Option\indicatorLight_normal.jpg" disabledtextcolor="0xFF000000" />
									<HorizontalLayout width="5" />
									<Label name="LabelQuickM52" align="center" text="右水平轴绝对定位" width="160" />
								</HorizontalLayout>
							</HorizontalLayout>
							<HorizontalLayout height="36">
								<HorizontalLayout height="36" inset="0,2,0,2" pos="0,0,0,36">
									<Option name="OptQuickM37" enabled="false" width="32" selectedimage="Theme\Option\indicatorLight_selected.jpg" normalimage="Theme\Option\indicatorLight_normal.jpg" disabledtextcolor="0xFF000000" />
									<HorizontalLayout width="5" />
									<Label name="LabelQuickM37" align="center" text="左水平轴相对定位" width="160" />
								</HorizontalLayout>
								<HorizontalLayout height="36" inset="0,2,0,2" pos="0,0,0,36">
									<Option name="OptQuickM53" enabled="false" width="32" selectedimage="Theme\Option\indicatorLight_selected.jpg" normalimage="Theme\Option\indicatorLight_normal.jpg" disabledtextcolor="0xFF000000" />
									<HorizontalLayout width="5" />
									<Label name="LabelQuickM53" align="center" text="右水平轴相对定位" width="160" />
								</HorizontalLayout>
							</HorizontalLayout>
							<HorizontalLayout height="36">
								<HorizontalLayout height="36" inset="0,2,0,2" pos="0,0,0,36">
									<Option name="OptQuickM41" enabled="false" width="32" selectedimage="Theme\Option\indicatorLight_selected.jpg" normalimage="Theme\Option\indicatorLight_normal.jpg" disabledtextcolor="0xFF000000" />
									<HorizontalLayout width="5" />
									<Label name="LabelQuickM41" align="center" text="左上下轴回原点" width="160" />
								</HorizontalLayout>
								<HorizontalLayout height="36" inset="0,2,0,2" pos="0,0,0,36">
									<Option name="OptQuickM57" enabled="false" width="32" selectedimage="Theme\Option\indicatorLight_selected.jpg" normalimage="Theme\Option\indicatorLight_normal.jpg" disabledtextcolor="0xFF000000" />
									<HorizontalLayout width="5" />
									<Label name="LabelQuickM57" align="center" text="右上下轴回原点" width="160" />
								</HorizontalLayout>
							</HorizontalLayout>
							<HorizontalLayout height="36">
								<HorizontalLayout height="36" inset="0,2,0,2" pos="0,0,0,36">
									<Option name="OptQuickM45" enabled="false" width="32" selectedimage="Theme\Option\indicatorLight_selected.jpg" normalimage="Theme\Option\indicatorLight_normal.jpg" disabledtextcolor="0xFF000000" />
									<HorizontalLayout width="5" />
									<Label name="LabelQuickM45" align="center" text="左上下轴绝对定位" width="160" />
								</HorizontalLayout>
								<HorizontalLayout height="36" inset="0,2,0,2" pos="0,0,0,36">
									<Option name="OptQuickM61" enabled="false" width="32" selectedimage="Theme\Option\indicatorLight_selected.jpg" normalimage="Theme\Option\indicatorLight_normal.jpg" disabledtextcolor="0xFF000000" />
									<HorizontalLayout width="5" />
									<Label name="LabelQuickM61" align="center" text="右上下轴绝对定位" width="160" />
								</HorizontalLayout>
							</HorizontalLayout>
							<HorizontalLayout height="36">
								<HorizontalLayout height="36" inset="0,2,0,2" pos="0,0,0,36">
									<Option name="OptQuickM46" enabled="false" width="32" selectedimage="Theme\Option\indicatorLight_selected.jpg" normalimage="Theme\Option\indicatorLight_normal.jpg" disabledtextcolor="0xFF000000" />
									<HorizontalLayout width="5" />
									<Label name="LabelQuickM46" align="center" text="左上下轴相对定位" width="160" />
								</HorizontalLayout>
								<HorizontalLayout height="36" inset="0,2,0,2" pos="0,0,0,36">
									<Option name="OptQuickM62" enabled="false" width="32" selectedimage="Theme\Option\indicatorLight_selected.jpg" normalimage="Theme\Option\indicatorLight_normal.jpg" disabledtextcolor="0xFF000000" />
									<HorizontalLayout width="5" />
									<Label name="LabelQuickM62" align="center" text="右上下轴相对定位" width="160" />
								</HorizontalLayout>
							</HorizontalLayout>
						</VerticalLayout>
						<Label text="轴定位等" float="true" pos="20,0,0,0" bkcolor="0xFFFEFEFE" width="60" height="20" />
					</HorizontalLayout>
				</VerticalLayout>
			</HorizontalLayout>
		</HorizontalLayout>
	</VerticalLayout>
</Window>
