<?xml version="1.0" encoding="utf-8"?>
<Window size="800,900" caption="5,5,5,52" sizebox="10,10,10,10" mininfo="640,480">
	<Font name="楷体" size="14" default="true"/>
	<Font name="楷体" size="18" />
	<Font name="楷体" size="24" />
	<Font name="楷体" size="32" />
	<Font name="楷体" size="14" bold="true"/>
	<Font name="楷体" size="18" bold="true"/>
	<Font name="楷体" size="24" bold="true"/>
	<Font name="楷体" size="32" bold="true"/>

	<Default name="VScrollBar" value="button1normalimage=&quot;file='Theme\Scrollbar\scrollbar.bmp' source='0,90,16,106' mask='#FFFF00FF'&quot; button1hotimage=&quot;file='Theme\Scrollbar\scrollbar.bmp' source='18,90,34,106' mask='#FFFF00FF'&quot; button1pushedimage=&quot;file='Theme\Scrollbar\scrollbar.bmp' source='36,90,52,106' mask='#FFFF00FF'&quot; button1disabledimage=&quot;file='Theme\Scrollbar\scrollbar.bmp' source='54,90,70,106' mask='#FFFF00FF'&quot; button2normalimage=&quot;file='Theme\Scrollbar\scrollbar.bmp' source='0,108,16,124' mask='#FFFF00FF'&quot; button2hotimage=&quot;file='Theme\Scrollbar\scrollbar.bmp' source='18,108,34,124' mask='#FFFF00FF'&quot; button2pushedimage=&quot;file='Theme\Scrollbar\scrollbar.bmp' source='36,108,52,124' mask='#FFFF00FF'&quot; button2disabledimage=&quot;file='Theme\Scrollbar\scrollbar.bmp' source='54,108,70,124' mask='#FFFF00FF'&quot; thumbnormalimage=&quot;file='Theme\Scrollbar\scrollbar.bmp' source='0,126,16,142' corner='2,2,2,2' mask='#FFFF00FF'&quot; thumbhotimage=&quot;file='Theme\Scrollbar\scrollbar.bmp' source='18,126,34,142' corner='2,2,2,2' mask='#FFFF00FF'&quot; thumbpushedimage=&quot;file='Theme\Scrollbar\scrollbar.bmp' source='36,126,52,142' corner='2,2,2,2' mask='#FFFF00FF'&quot; thumbdisabledimage=&quot;file='Theme\Scrollbar\scrollbar.bmp' source='54,126,70,142' corner='2,2,2,2' mask='#FFFF00FF'&quot; railnormalimage=&quot;file='Theme\Scrollbar\scrollbar.bmp' source='0,144,16,160' corner='2,2,2,2' mask='#FFFF00FF'&quot; railhotimage=&quot;file='Theme\Scrollbar\scrollbar.bmp' source='18,144,34,160' corner='2,2,2,2' mask='#FFFF00FF'&quot; railpushedimage=&quot;file='Theme\Scrollbar\scrollbar.bmp' source='36,144,52,160' corner='2,2,2,2' mask='#FFFF00FF'&quot; raildisabledimage=&quot;file='Theme\Scrollbar\scrollbar.bmp' source='54,144,70,160' corner='2,2,2,2' mask='#FFFF00FF'&quot; bknormalimage=&quot;file='Theme\Scrollbar\scrollbar.bmp' source='0,162,16,178' corner='2,2,2,2' mask='#FFFF00FF'&quot; bkhotimage=&quot;file='Theme\Scrollbar\scrollbar.bmp' source='18,162,34,178' corner='2,2,2,2' mask='#FFFF00FF'&quot; bkpushedimage=&quot;file='Theme\Scrollbar\scrollbar.bmp' source='36,162,52,178' corner='2,2,2,2' mask='#FFFF00FF'&quot; bkdisabledimage=&quot;file='Theme\Scrollbar\scrollbar.bmp' source='54,162,70,178' corner='2,2,2,2' mask='#FFFF00FF'&quot; " />
	<Default name="HScrollBar" value="button1normalimage=&quot;file='Theme\Scrollbar\scrollbar.bmp' source='0,0,16,16' mask='#FFFF00FF'&quot; button1hotimage=&quot;file='Theme\Scrollbar\scrollbar.bmp' source='18,0,34,16' mask='#FFFF00FF'&quot; button1pushedimage=&quot;file='Theme\Scrollbar\scrollbar.bmp' source='36,0,52,16' mask='#FFFF00FF'&quot; button1disabledimage=&quot;file='Theme\Scrollbar\scrollbar.bmp' source='54,0,70,16' mask='#FFFF00FF'&quot; button2normalimage=&quot;file='Theme\Scrollbar\scrollbar.bmp' source='0,18,16,34' mask='#FFFF00FF'&quot; button2hotimage=&quot;file='Theme\Scrollbar\scrollbar.bmp' source='18,18,34,34' mask='#FFFF00FF'&quot; button2pushedimage=&quot;file='Theme\Scrollbar\scrollbar.bmp' source='36,18,52,34' mask='#FFFF00FF'&quot; button2disabledimage=&quot;file='Theme\Scrollbar\scrollbar.bmp' source='54,18,70,34' mask='#FFFF00FF'&quot; thumbnormalimage=&quot;file='Theme\Scrollbar\scrollbar.bmp' source='0,36,16,52' corner='2,2,2,2' mask='#FFFF00FF'&quot; thumbhotimage=&quot;file='Theme\Scrollbar\scrollbar.bmp' source='18,36,34,52' corner='2,2,2,2' mask='#FFFF00FF'&quot; thumbpushedimage=&quot;file='Theme\Scrollbar\scrollbar.bmp' source='36,36,52,52' corner='2,2,2,2' mask='#FFFF00FF'&quot; thumbdisabledimage=&quot;file='Theme\Scrollbar\scrollbar.bmp' source='54,36,70,52' corner='2,2,2,2' mask='#FFFF00FF'&quot; railnormalimage=&quot;file='Theme\Scrollbar\scrollbar.bmp' source='0,54,16,70' corner='2,2,2,2' mask='#FFFF00FF'&quot; railhotimage=&quot;file='Theme\Scrollbar\scrollbar.bmp' source='18,54,34,70' corner='2,2,2,2' mask='#FFFF00FF'&quot; railpushedimage=&quot;file='Theme\Scrollbar\scrollbar.bmp' source='36,54,52,70' corner='2,2,2,2' mask='#FFFF00FF'&quot; raildisabledimage=&quot;file='Theme\Scrollbar\scrollbar.bmp' source='54,54,70,70' corner='2,2,2,2' mask='#FFFF00FF'&quot; bknormalimage=&quot;file='Theme\Scrollbar\scrollbar.bmp' source='0,72,16,88' corner='2,2,2,2' mask='#FFFF00FF'&quot; bkhotimage=&quot;file='Theme\Scrollbar\scrollbar.bmp' source='18,72,34,88' corner='2,2,2,2' mask='#FFFF00FF'&quot; bkpushedimage=&quot;file='Theme\Scrollbar\scrollbar.bmp' source='36,72,52,88' corner='2,2,2,2' mask='#FFFF00FF'&quot; bkdisabledimage=&quot;file='Theme\Scrollbar\scrollbar.bmp' source='54,72,70,88' corner='2,2,2,2' mask='#FFFF00FF'&quot; " />
	<Default name="Button" value="align=&quot;center&quot; valign=&quot;center&quot; bkcolor=&quot;0xFFEEEEEE&quot; hotbkcolor=&quot;0xFF1874CD&quot;" />

	<VerticalLayout bkcolor="0xFFFEFEFE" bordersize="1" bordercolor="0xFFDDDDDD">
		<HorizontalLayout height="34" >
			<Label text="车轮探头参数" font="0" bkimage="file='Theme\Button\union.png' dest='2,2,34,34'" textpadding="34,0,0,0" align="left" valign="center" />
		</HorizontalLayout>
		<VerticalLayout bkimage="Theme\Line\v_line.png" height="1"/>
		<HorizontalLayout inset="10,10,10,10">
	
		
		<VerticalLayout >

			<HorizontalLayout   height="600" inset="10,10,10,10">
				<VerticalLayout bkimage="file='Theme\Button\bkimage.png' corner='3,3,3,3'" inset="10,15,10,10">
					<VerticalLayout bkimage="Theme\Logo\wheel5.png" />
					<HorizontalLayout >
						<VerticalLayout>
					<VerticalLayout height="2"/>
					<HorizontalLayout height="33">
						<VerticalLayout>
							<HorizontalLayout />
							<HorizontalLayout height="28">
								<Label text="①轮毂厚度:" valign="center" width="120"/>
								<Edit name="EditWheelHub" textext="mm" bordersize="1" bordercolor="0x7F7F7F7F"/>
							</HorizontalLayout>
							<HorizontalLayout />
						</VerticalLayout>
						<HorizontalLayout width="10"/>
						<VerticalLayout width="16">
							<Button name="BtnSpin" userdata="EditWheelHub:100.0" clicktype="1" height="16" bkimage="file='Theme\Scrollbar\scrollbar.bmp' source='0,90,16,106' mask='#FFFF00FF'" hotimage="file='Theme\Scrollbar\scrollbar.bmp' source='18,90,34,106' mask='#FFFF00FF'" pushedimage="file='Theme\Scrollbar\scrollbar.bmp' source='36,90,52,106' mask='#FFFF00FF'"/>
							<VerticalLayout height="1" bkcolor="0xFFA0A0A0"/>
							<Button name="BtnSpin" userdata="EditWheelHub:-100.0" clicktype="1" height="16" bkimage="file='Theme\Scrollbar\scrollbar.bmp' source='0,108,16,124' mask='#FFFF00FF'" hotimage="file='Theme\Scrollbar\scrollbar.bmp' source='18,108,34,124' mask='#FFFF00FF'" pushedimage="file='Theme\Scrollbar\scrollbar.bmp' source='36,108,52,124' mask='#FFFF00FF'"/>
						</VerticalLayout>
						<HorizontalLayout width="5"/>
						<VerticalLayout width="16">
							<Button name="BtnSpin" userdata="EditWheelHub:10.0" clicktype="1" height="16" bkimage="file='Theme\Scrollbar\scrollbar.bmp' source='0,90,16,106' mask='#FFFF00FF'" hotimage="file='Theme\Scrollbar\scrollbar.bmp' source='18,90,34,106' mask='#FFFF00FF'" pushedimage="file='Theme\Scrollbar\scrollbar.bmp' source='36,90,52,106' mask='#FFFF00FF'"/>
							<VerticalLayout height="1" bkcolor="0xFFA0A0A0"/>
							<Button name="BtnSpin" userdata="EditWheelHub:-10.0" clicktype="1" height="16" bkimage="file='Theme\Scrollbar\scrollbar.bmp' source='0,108,16,124' mask='#FFFF00FF'" hotimage="file='Theme\Scrollbar\scrollbar.bmp' source='18,108,34,124' mask='#FFFF00FF'" pushedimage="file='Theme\Scrollbar\scrollbar.bmp' source='36,108,52,124' mask='#FFFF00FF'"/>
						</VerticalLayout>
						<HorizontalLayout width="5"/>
						<VerticalLayout width="16">
							<Button name="BtnSpin" userdata="EditWheelHub:1.0" clicktype="1" height="16" bkimage="file='Theme\Scrollbar\scrollbar.bmp' source='0,90,16,106' mask='#FFFF00FF'" hotimage="file='Theme\Scrollbar\scrollbar.bmp' source='18,90,34,106' mask='#FFFF00FF'" pushedimage="file='Theme\Scrollbar\scrollbar.bmp' source='36,90,52,106' mask='#FFFF00FF'"/>
							<VerticalLayout height="1" bkcolor="0xFFA0A0A0"/>
							<Button name="BtnSpin" userdata="EditWheelHub:-1.0" clicktype="1" height="16" bkimage="file='Theme\Scrollbar\scrollbar.bmp' source='0,108,16,124' mask='#FFFF00FF'" hotimage="file='Theme\Scrollbar\scrollbar.bmp' source='18,108,34,124' mask='#FFFF00FF'" pushedimage="file='Theme\Scrollbar\scrollbar.bmp' source='36,108,52,124' mask='#FFFF00FF'"/>
						</VerticalLayout>
						<HorizontalLayout width="30"/>
					</HorizontalLayout>

					<VerticalLayout height="2"/>
					<HorizontalLayout height="33">
						<VerticalLayout>
							<HorizontalLayout />
							<HorizontalLayout height="28">
								<Label text="②轮辋厚度:" valign="center" width="120"/>
								<Edit name="EditWheelRim" textext="mm" bordersize="1" bordercolor="0x7F7F7F7F"/>
							</HorizontalLayout>
							<HorizontalLayout />
						</VerticalLayout>
						<HorizontalLayout width="10"/>

						<VerticalLayout width="16">
							<Button name="BtnSpin" userdata="EditWheelRim:100.0" clicktype="1" height="16" bkimage="file='Theme\Scrollbar\scrollbar.bmp' source='0,90,16,106' mask='#FFFF00FF'" hotimage="file='Theme\Scrollbar\scrollbar.bmp' source='18,90,34,106' mask='#FFFF00FF'" pushedimage="file='Theme\Scrollbar\scrollbar.bmp' source='36,90,52,106' mask='#FFFF00FF'"/>
							<VerticalLayout height="1" bkcolor="0xFFA0A0A0"/>
							<Button name="BtnSpin" userdata="EditWheelRim:-100.0" clicktype="1" height="16" bkimage="file='Theme\Scrollbar\scrollbar.bmp' source='0,108,16,124' mask='#FFFF00FF'" hotimage="file='Theme\Scrollbar\scrollbar.bmp' source='18,108,34,124' mask='#FFFF00FF'" pushedimage="file='Theme\Scrollbar\scrollbar.bmp' source='36,108,52,124' mask='#FFFF00FF'"/>
						</VerticalLayout>
						<HorizontalLayout width="5"/>
						<VerticalLayout width="16">
							<Button name="BtnSpin" userdata="EditWheelRim:10.0" clicktype="1" height="16" bkimage="file='Theme\Scrollbar\scrollbar.bmp' source='0,90,16,106' mask='#FFFF00FF'" hotimage="file='Theme\Scrollbar\scrollbar.bmp' source='18,90,34,106' mask='#FFFF00FF'" pushedimage="file='Theme\Scrollbar\scrollbar.bmp' source='36,90,52,106' mask='#FFFF00FF'"/>
							<VerticalLayout height="1" bkcolor="0xFFA0A0A0"/>
							<Button name="BtnSpin" userdata="EditWheelRim:-10.0" clicktype="1" height="16" bkimage="file='Theme\Scrollbar\scrollbar.bmp' source='0,108,16,124' mask='#FFFF00FF'" hotimage="file='Theme\Scrollbar\scrollbar.bmp' source='18,108,34,124' mask='#FFFF00FF'" pushedimage="file='Theme\Scrollbar\scrollbar.bmp' source='36,108,52,124' mask='#FFFF00FF'"/>
						</VerticalLayout>
						<HorizontalLayout width="5"/>
						<VerticalLayout width="16">
							<Button name="BtnSpin" userdata="EditWheelRim:1.0" clicktype="1" height="16" bkimage="file='Theme\Scrollbar\scrollbar.bmp' source='0,90,16,106' mask='#FFFF00FF'" hotimage="file='Theme\Scrollbar\scrollbar.bmp' source='18,90,34,106' mask='#FFFF00FF'" pushedimage="file='Theme\Scrollbar\scrollbar.bmp' source='36,90,52,106' mask='#FFFF00FF'"/>
							<VerticalLayout height="1" bkcolor="0xFFA0A0A0"/>
							<Button name="BtnSpin" userdata="EditWheelRim:-1.0" clicktype="1" height="16" bkimage="file='Theme\Scrollbar\scrollbar.bmp' source='0,108,16,124' mask='#FFFF00FF'" hotimage="file='Theme\Scrollbar\scrollbar.bmp' source='18,108,34,124' mask='#FFFF00FF'" pushedimage="file='Theme\Scrollbar\scrollbar.bmp' source='36,108,52,124' mask='#FFFF00FF'"/>
						</VerticalLayout>
						<HorizontalLayout width="30"/>
					</HorizontalLayout>

					<VerticalLayout height="2"/>
					<HorizontalLayout height="33">
						<VerticalLayout>
							<HorizontalLayout />
							<HorizontalLayout height="38">
								<VerticalLayout width="120">
								<Label text="③轮毂与轮辋" valign="center" width="120"/>
								<Label text="内侧面高度差:" valign="center" width="120"/>
									</VerticalLayout>
								<Edit name="EditWheelInnerSideOffset" height="32" textext="mm" bordersize="1" bordercolor="0x7F7F7F7F"/>
							</HorizontalLayout>
							<HorizontalLayout />
						</VerticalLayout>
						<HorizontalLayout width="10"/>
						<VerticalLayout width="16">
							<Button name="BtnSpin" userdata="EditWheelInnerSideOffset:10.0" clicktype="1" height="16" bkimage="file='Theme\Scrollbar\scrollbar.bmp' source='0,90,16,106' mask='#FFFF00FF'" hotimage="file='Theme\Scrollbar\scrollbar.bmp' source='18,90,34,106' mask='#FFFF00FF'" pushedimage="file='Theme\Scrollbar\scrollbar.bmp' source='36,90,52,106' mask='#FFFF00FF'"/>
							<VerticalLayout height="1" bkcolor="0xFFA0A0A0"/>
							<Button name="BtnSpin" userdata="EditWheelInnerSideOffset:-10.0" clicktype="1" height="16" bkimage="file='Theme\Scrollbar\scrollbar.bmp' source='0,108,16,124' mask='#FFFF00FF'" hotimage="file='Theme\Scrollbar\scrollbar.bmp' source='18,108,34,124' mask='#FFFF00FF'" pushedimage="file='Theme\Scrollbar\scrollbar.bmp' source='36,108,52,124' mask='#FFFF00FF'"/>
						</VerticalLayout>
						<HorizontalLayout width="5"/>
						<VerticalLayout width="16">
							<Button name="BtnSpin" userdata="EditWheelInnerSideOffset:1.0" clicktype="1" height="16" bkimage="file='Theme\Scrollbar\scrollbar.bmp' source='0,90,16,106' mask='#FFFF00FF'" hotimage="file='Theme\Scrollbar\scrollbar.bmp' source='18,90,34,106' mask='#FFFF00FF'" pushedimage="file='Theme\Scrollbar\scrollbar.bmp' source='36,90,52,106' mask='#FFFF00FF'"/>
							<VerticalLayout height="1" bkcolor="0xFFA0A0A0"/>
							<Button name="BtnSpin" userdata="EditWheelInnerSideOffset:-1.0" clicktype="1" height="16" bkimage="file='Theme\Scrollbar\scrollbar.bmp' source='0,108,16,124' mask='#FFFF00FF'" hotimage="file='Theme\Scrollbar\scrollbar.bmp' source='18,108,34,124' mask='#FFFF00FF'" pushedimage="file='Theme\Scrollbar\scrollbar.bmp' source='36,108,52,124' mask='#FFFF00FF'"/>
						</VerticalLayout>
						<HorizontalLayout width="5"/>
						<VerticalLayout width="16">
							<Button name="BtnSpin" userdata="EditWheelInnerSideOffset:0.1" clicktype="1" height="16" bkimage="file='Theme\Scrollbar\scrollbar.bmp' source='0,90,16,106' mask='#FFFF00FF'" hotimage="file='Theme\Scrollbar\scrollbar.bmp' source='18,90,34,106' mask='#FFFF00FF'" pushedimage="file='Theme\Scrollbar\scrollbar.bmp' source='36,90,52,106' mask='#FFFF00FF'"/>
							<VerticalLayout height="1" bkcolor="0xFFA0A0A0"/>
							<Button name="BtnSpin" userdata="EditWheelInnerSideOffset:-0.1" clicktype="1" height="16" bkimage="file='Theme\Scrollbar\scrollbar.bmp' source='0,108,16,124' mask='#FFFF00FF'" hotimage="file='Theme\Scrollbar\scrollbar.bmp' source='18,108,34,124' mask='#FFFF00FF'" pushedimage="file='Theme\Scrollbar\scrollbar.bmp' source='36,108,52,124' mask='#FFFF00FF'"/>
						</VerticalLayout>
						<HorizontalLayout width="30"/>
					</HorizontalLayout>

					<VerticalLayout height="2"/>
					<HorizontalLayout height="33">
						<VerticalLayout>
							<HorizontalLayout />
							<HorizontalLayout height="28">
								<Label text="④车轮内径:" valign="center" width="120"/>
								<Edit name="EditWheelInnerDiameter" textext="mm" bordersize="1" bordercolor="0x7F7F7F7F"/>
							</HorizontalLayout>
							<HorizontalLayout />
						</VerticalLayout>
						<HorizontalLayout width="10"/>

						<VerticalLayout width="16">
							<Button name="BtnSpin" userdata="EditWheelInnerDiameter:100.0" clicktype="1" height="16" bkimage="file='Theme\Scrollbar\scrollbar.bmp' source='0,90,16,106' mask='#FFFF00FF'" hotimage="file='Theme\Scrollbar\scrollbar.bmp' source='18,90,34,106' mask='#FFFF00FF'" pushedimage="file='Theme\Scrollbar\scrollbar.bmp' source='36,90,52,106' mask='#FFFF00FF'"/>
							<VerticalLayout height="1" bkcolor="0xFFA0A0A0"/>
							<Button name="BtnSpin" userdata="EditWheelInnerDiameter:-100.0" clicktype="1" height="16" bkimage="file='Theme\Scrollbar\scrollbar.bmp' source='0,108,16,124' mask='#FFFF00FF'" hotimage="file='Theme\Scrollbar\scrollbar.bmp' source='18,108,34,124' mask='#FFFF00FF'" pushedimage="file='Theme\Scrollbar\scrollbar.bmp' source='36,108,52,124' mask='#FFFF00FF'"/>
						</VerticalLayout>
						<HorizontalLayout width="5"/>
						<VerticalLayout width="16">
							<Button name="BtnSpin" userdata="EditWheelInnerDiameter:10.0" clicktype="1" height="16" bkimage="file='Theme\Scrollbar\scrollbar.bmp' source='0,90,16,106' mask='#FFFF00FF'" hotimage="file='Theme\Scrollbar\scrollbar.bmp' source='18,90,34,106' mask='#FFFF00FF'" pushedimage="file='Theme\Scrollbar\scrollbar.bmp' source='36,90,52,106' mask='#FFFF00FF'"/>
							<VerticalLayout height="1" bkcolor="0xFFA0A0A0"/>
							<Button name="BtnSpin" userdata="EditWheelInnerDiameter:-10.0" clicktype="1" height="16" bkimage="file='Theme\Scrollbar\scrollbar.bmp' source='0,108,16,124' mask='#FFFF00FF'" hotimage="file='Theme\Scrollbar\scrollbar.bmp' source='18,108,34,124' mask='#FFFF00FF'" pushedimage="file='Theme\Scrollbar\scrollbar.bmp' source='36,108,52,124' mask='#FFFF00FF'"/>
						</VerticalLayout>
						<HorizontalLayout width="5"/>
						<VerticalLayout width="16">
							<Button name="BtnSpin" userdata="EditWheelInnerDiameter:1.0" clicktype="1" height="16" bkimage="file='Theme\Scrollbar\scrollbar.bmp' source='0,90,16,106' mask='#FFFF00FF'" hotimage="file='Theme\Scrollbar\scrollbar.bmp' source='18,90,34,106' mask='#FFFF00FF'" pushedimage="file='Theme\Scrollbar\scrollbar.bmp' source='36,90,52,106' mask='#FFFF00FF'"/>
							<VerticalLayout height="1" bkcolor="0xFFA0A0A0"/>
							<Button name="BtnSpin" userdata="EditWheelInnerDiameter:-1.0" clicktype="1" height="16" bkimage="file='Theme\Scrollbar\scrollbar.bmp' source='0,108,16,124' mask='#FFFF00FF'" hotimage="file='Theme\Scrollbar\scrollbar.bmp' source='18,108,34,124' mask='#FFFF00FF'" pushedimage="file='Theme\Scrollbar\scrollbar.bmp' source='36,108,52,124' mask='#FFFF00FF'"/>
						</VerticalLayout>
						<HorizontalLayout width="30"/>
					</HorizontalLayout>
						</VerticalLayout>
						<VerticalLayout>
							<VerticalLayout height="2"/>
							<HorizontalLayout height="33">
								<VerticalLayout>
									<HorizontalLayout />
									<HorizontalLayout height="28">
										<Label text="⑤轮毂外径:" valign="center" width="120"/>
										<Edit name="EditWheelHubOuterDiameter" textext="mm" bordersize="1" bordercolor="0x7F7F7F7F"/>
									</HorizontalLayout>
									<HorizontalLayout />
								</VerticalLayout>
								<HorizontalLayout width="10"/>
								<VerticalLayout width="16">
									<Button name="BtnSpin" userdata="EditWheelHubOuterDiameter:100.0" clicktype="1" height="16" bkimage="file='Theme\Scrollbar\scrollbar.bmp' source='0,90,16,106' mask='#FFFF00FF'" hotimage="file='Theme\Scrollbar\scrollbar.bmp' source='18,90,34,106' mask='#FFFF00FF'" pushedimage="file='Theme\Scrollbar\scrollbar.bmp' source='36,90,52,106' mask='#FFFF00FF'"/>
									<VerticalLayout height="1" bkcolor="0xFFA0A0A0"/>
									<Button name="BtnSpin" userdata="EditWheelHubOuterDiameter:-100.0" clicktype="1" height="16" bkimage="file='Theme\Scrollbar\scrollbar.bmp' source='0,108,16,124' mask='#FFFF00FF'" hotimage="file='Theme\Scrollbar\scrollbar.bmp' source='18,108,34,124' mask='#FFFF00FF'" pushedimage="file='Theme\Scrollbar\scrollbar.bmp' source='36,108,52,124' mask='#FFFF00FF'"/>
								</VerticalLayout>
								<HorizontalLayout width="5"/>
								<VerticalLayout width="16">
									<Button name="BtnSpin" userdata="EditWheelHubOuterDiameter:10.0" clicktype="1" height="16" bkimage="file='Theme\Scrollbar\scrollbar.bmp' source='0,90,16,106' mask='#FFFF00FF'" hotimage="file='Theme\Scrollbar\scrollbar.bmp' source='18,90,34,106' mask='#FFFF00FF'" pushedimage="file='Theme\Scrollbar\scrollbar.bmp' source='36,90,52,106' mask='#FFFF00FF'"/>
									<VerticalLayout height="1" bkcolor="0xFFA0A0A0"/>
									<Button name="BtnSpin" userdata="EditWheelHubOuterDiameter:-10.0" clicktype="1" height="16" bkimage="file='Theme\Scrollbar\scrollbar.bmp' source='0,108,16,124' mask='#FFFF00FF'" hotimage="file='Theme\Scrollbar\scrollbar.bmp' source='18,108,34,124' mask='#FFFF00FF'" pushedimage="file='Theme\Scrollbar\scrollbar.bmp' source='36,108,52,124' mask='#FFFF00FF'"/>
								</VerticalLayout>
								<HorizontalLayout width="5"/>
								<VerticalLayout width="16">
									<Button name="BtnSpin" userdata="EditWheelHubOuterDiameter:1.0" clicktype="1" height="16" bkimage="file='Theme\Scrollbar\scrollbar.bmp' source='0,90,16,106' mask='#FFFF00FF'" hotimage="file='Theme\Scrollbar\scrollbar.bmp' source='18,90,34,106' mask='#FFFF00FF'" pushedimage="file='Theme\Scrollbar\scrollbar.bmp' source='36,90,52,106' mask='#FFFF00FF'"/>
									<VerticalLayout height="1" bkcolor="0xFFA0A0A0"/>
									<Button name="BtnSpin" userdata="EditWheelHubOuterDiameter:-1.0" clicktype="1" height="16" bkimage="file='Theme\Scrollbar\scrollbar.bmp' source='0,108,16,124' mask='#FFFF00FF'" hotimage="file='Theme\Scrollbar\scrollbar.bmp' source='18,108,34,124' mask='#FFFF00FF'" pushedimage="file='Theme\Scrollbar\scrollbar.bmp' source='36,108,52,124' mask='#FFFF00FF'"/>
								</VerticalLayout>
								<HorizontalLayout width="30"/>
							</HorizontalLayout>

							<VerticalLayout height="2"/>
							<HorizontalLayout height="33">
								<VerticalLayout>
									<HorizontalLayout />
									<HorizontalLayout height="28">
										<Label text="⑥轮辋内径:" valign="center" width="120"/>
										<Edit name="EditWheelRimlInnerDiameter" textext="mm" bordersize="1" bordercolor="0x7F7F7F7F"/>
									</HorizontalLayout>
									<HorizontalLayout />
								</VerticalLayout>
								<HorizontalLayout width="10"/>

								<VerticalLayout width="16">
									<Button name="BtnSpin" userdata="EditWheelRimlInnerDiameter:100.0" clicktype="1" height="16" bkimage="file='Theme\Scrollbar\scrollbar.bmp' source='0,90,16,106' mask='#FFFF00FF'" hotimage="file='Theme\Scrollbar\scrollbar.bmp' source='18,90,34,106' mask='#FFFF00FF'" pushedimage="file='Theme\Scrollbar\scrollbar.bmp' source='36,90,52,106' mask='#FFFF00FF'"/>
									<VerticalLayout height="1" bkcolor="0xFFA0A0A0"/>
									<Button name="BtnSpin" userdata="EditWheelRimlInnerDiameter:-100.0" clicktype="1" height="16" bkimage="file='Theme\Scrollbar\scrollbar.bmp' source='0,108,16,124' mask='#FFFF00FF'" hotimage="file='Theme\Scrollbar\scrollbar.bmp' source='18,108,34,124' mask='#FFFF00FF'" pushedimage="file='Theme\Scrollbar\scrollbar.bmp' source='36,108,52,124' mask='#FFFF00FF'"/>
								</VerticalLayout>
								<HorizontalLayout width="5"/>
								<VerticalLayout width="16">
									<Button name="BtnSpin" userdata="EditWheelRimlInnerDiameter:10.0" clicktype="1" height="16" bkimage="file='Theme\Scrollbar\scrollbar.bmp' source='0,90,16,106' mask='#FFFF00FF'" hotimage="file='Theme\Scrollbar\scrollbar.bmp' source='18,90,34,106' mask='#FFFF00FF'" pushedimage="file='Theme\Scrollbar\scrollbar.bmp' source='36,90,52,106' mask='#FFFF00FF'"/>
									<VerticalLayout height="1" bkcolor="0xFFA0A0A0"/>
									<Button name="BtnSpin" userdata="EditWheelRimlInnerDiameter:-10.0" clicktype="1" height="16" bkimage="file='Theme\Scrollbar\scrollbar.bmp' source='0,108,16,124' mask='#FFFF00FF'" hotimage="file='Theme\Scrollbar\scrollbar.bmp' source='18,108,34,124' mask='#FFFF00FF'" pushedimage="file='Theme\Scrollbar\scrollbar.bmp' source='36,108,52,124' mask='#FFFF00FF'"/>
								</VerticalLayout>
								<HorizontalLayout width="5"/>
								<VerticalLayout width="16">
									<Button name="BtnSpin" userdata="EditWheelRimlInnerDiameter:1.0" clicktype="1" height="16" bkimage="file='Theme\Scrollbar\scrollbar.bmp' source='0,90,16,106' mask='#FFFF00FF'" hotimage="file='Theme\Scrollbar\scrollbar.bmp' source='18,90,34,106' mask='#FFFF00FF'" pushedimage="file='Theme\Scrollbar\scrollbar.bmp' source='36,90,52,106' mask='#FFFF00FF'"/>
									<VerticalLayout height="1" bkcolor="0xFFA0A0A0"/>
									<Button name="BtnSpin" userdata="EditWheelRimlInnerDiameter:-1.0" clicktype="1" height="16" bkimage="file='Theme\Scrollbar\scrollbar.bmp' source='0,108,16,124' mask='#FFFF00FF'" hotimage="file='Theme\Scrollbar\scrollbar.bmp' source='18,108,34,124' mask='#FFFF00FF'" pushedimage="file='Theme\Scrollbar\scrollbar.bmp' source='36,108,52,124' mask='#FFFF00FF'"/>
								</VerticalLayout>
								<HorizontalLayout width="30"/>
							</HorizontalLayout>

							<VerticalLayout height="2"/>
							<HorizontalLayout height="33">
								<VerticalLayout>
									<HorizontalLayout />
									<HorizontalLayout height="28">
										<Label text="⑦轮辋外径:" valign="center" width="120"/>
										<Edit name="EditWheelRimOuterDiameter" textext="mm" bordersize="1" bordercolor="0x7F7F7F7F"/>
									</HorizontalLayout>
									<HorizontalLayout />
								</VerticalLayout>
								<HorizontalLayout width="10"/>
								<VerticalLayout width="16">
									<Button name="BtnSpin" userdata="EditWheelRimOuterDiameter:100.0" clicktype="1" height="16" bkimage="file='Theme\Scrollbar\scrollbar.bmp' source='0,90,16,106' mask='#FFFF00FF'" hotimage="file='Theme\Scrollbar\scrollbar.bmp' source='18,90,34,106' mask='#FFFF00FF'" pushedimage="file='Theme\Scrollbar\scrollbar.bmp' source='36,90,52,106' mask='#FFFF00FF'"/>
									<VerticalLayout height="1" bkcolor="0xFFA0A0A0"/>
									<Button name="BtnSpin" userdata="EditWheelRimOuterDiameter:-100.0" clicktype="1" height="16" bkimage="file='Theme\Scrollbar\scrollbar.bmp' source='0,108,16,124' mask='#FFFF00FF'" hotimage="file='Theme\Scrollbar\scrollbar.bmp' source='18,108,34,124' mask='#FFFF00FF'" pushedimage="file='Theme\Scrollbar\scrollbar.bmp' source='36,108,52,124' mask='#FFFF00FF'"/>
								</VerticalLayout>
								<HorizontalLayout width="5"/>
								<VerticalLayout width="16">
									<Button name="BtnSpin" userdata="EditWheelRimOuterDiameter:10.0" clicktype="1" height="16" bkimage="file='Theme\Scrollbar\scrollbar.bmp' source='0,90,16,106' mask='#FFFF00FF'" hotimage="file='Theme\Scrollbar\scrollbar.bmp' source='18,90,34,106' mask='#FFFF00FF'" pushedimage="file='Theme\Scrollbar\scrollbar.bmp' source='36,90,52,106' mask='#FFFF00FF'"/>
									<VerticalLayout height="1" bkcolor="0xFFA0A0A0"/>
									<Button name="BtnSpin" userdata="EditWheelRimOuterDiameter:-10.0" clicktype="1" height="16" bkimage="file='Theme\Scrollbar\scrollbar.bmp' source='0,108,16,124' mask='#FFFF00FF'" hotimage="file='Theme\Scrollbar\scrollbar.bmp' source='18,108,34,124' mask='#FFFF00FF'" pushedimage="file='Theme\Scrollbar\scrollbar.bmp' source='36,108,52,124' mask='#FFFF00FF'"/>
								</VerticalLayout>
								<HorizontalLayout width="5"/>
								<VerticalLayout width="16">
									<Button name="BtnSpin" userdata="EditWheelRimOuterDiameter:1.0" clicktype="1" height="16" bkimage="file='Theme\Scrollbar\scrollbar.bmp' source='0,90,16,106' mask='#FFFF00FF'" hotimage="file='Theme\Scrollbar\scrollbar.bmp' source='18,90,34,106' mask='#FFFF00FF'" pushedimage="file='Theme\Scrollbar\scrollbar.bmp' source='36,90,52,106' mask='#FFFF00FF'"/>
									<VerticalLayout height="1" bkcolor="0xFFA0A0A0"/>
									<Button name="BtnSpin" userdata="EditWheelRimOuterDiameter:1.0" clicktype="1" height="16" bkimage="file='Theme\Scrollbar\scrollbar.bmp' source='0,108,16,124' mask='#FFFF00FF'" hotimage="file='Theme\Scrollbar\scrollbar.bmp' source='18,108,34,124' mask='#FFFF00FF'" pushedimage="file='Theme\Scrollbar\scrollbar.bmp' source='36,108,52,124' mask='#FFFF00FF'"/>
								</VerticalLayout>
								<HorizontalLayout width="30"/>
							</HorizontalLayout>

							<VerticalLayout height="2"/>
							<HorizontalLayout visible="true" height="33">
								<VerticalLayout>
									<HorizontalLayout />
									<HorizontalLayout height="28">
										<Label text="⑧轮缘厚度:" valign="center" width="120"/>
										<Edit name="EditfWheelFlangeHeight" textext="mm" bordersize="1" bordercolor="0x7F7F7F7F"/>
									</HorizontalLayout>
									<HorizontalLayout />
								</VerticalLayout>
								<HorizontalLayout width="10"/>

								<VerticalLayout width="16">
									<Button name="BtnSpin" userdata="EditfWheelFlangeHeight:100.0" clicktype="1" height="16" bkimage="file='Theme\Scrollbar\scrollbar.bmp' source='0,90,16,106' mask='#FFFF00FF'" hotimage="file='Theme\Scrollbar\scrollbar.bmp' source='18,90,34,106' mask='#FFFF00FF'" pushedimage="file='Theme\Scrollbar\scrollbar.bmp' source='36,90,52,106' mask='#FFFF00FF'"/>
									<VerticalLayout height="1" bkcolor="0xFFA0A0A0"/>
									<Button name="BtnSpin" userdata="EditfWheelFlangeHeight:-100.0" clicktype="1" height="16" bkimage="file='Theme\Scrollbar\scrollbar.bmp' source='0,108,16,124' mask='#FFFF00FF'" hotimage="file='Theme\Scrollbar\scrollbar.bmp' source='18,108,34,124' mask='#FFFF00FF'" pushedimage="file='Theme\Scrollbar\scrollbar.bmp' source='36,108,52,124' mask='#FFFF00FF'"/>
								</VerticalLayout>
								<HorizontalLayout width="5"/>
								<VerticalLayout width="16">
									<Button name="BtnSpin" userdata="EditfWheelFlangeHeight:10.0" clicktype="1" height="16" bkimage="file='Theme\Scrollbar\scrollbar.bmp' source='0,90,16,106' mask='#FFFF00FF'" hotimage="file='Theme\Scrollbar\scrollbar.bmp' source='18,90,34,106' mask='#FFFF00FF'" pushedimage="file='Theme\Scrollbar\scrollbar.bmp' source='36,90,52,106' mask='#FFFF00FF'"/>
									<VerticalLayout height="1" bkcolor="0xFFA0A0A0"/>
									<Button name="BtnSpin" userdata="EditfWheelFlangeHeight:-10.0" clicktype="1" height="16" bkimage="file='Theme\Scrollbar\scrollbar.bmp' source='0,108,16,124' mask='#FFFF00FF'" hotimage="file='Theme\Scrollbar\scrollbar.bmp' source='18,108,34,124' mask='#FFFF00FF'" pushedimage="file='Theme\Scrollbar\scrollbar.bmp' source='36,108,52,124' mask='#FFFF00FF'"/>
								</VerticalLayout>
								<HorizontalLayout width="5"/>
								<VerticalLayout width="16">
									<Button name="BtnSpin" userdata="EditfWheelFlangeHeight:1.0" clicktype="1" height="16" bkimage="file='Theme\Scrollbar\scrollbar.bmp' source='0,90,16,106' mask='#FFFF00FF'" hotimage="file='Theme\Scrollbar\scrollbar.bmp' source='18,90,34,106' mask='#FFFF00FF'" pushedimage="file='Theme\Scrollbar\scrollbar.bmp' source='36,90,52,106' mask='#FFFF00FF'"/>
									<VerticalLayout height="1" bkcolor="0xFFA0A0A0"/>
									<Button name="BtnSpin" userdata="EditfWheelFlangeHeight:-1.0" clicktype="1" height="16" bkimage="file='Theme\Scrollbar\scrollbar.bmp' source='0,108,16,124' mask='#FFFF00FF'" hotimage="file='Theme\Scrollbar\scrollbar.bmp' source='18,108,34,124' mask='#FFFF00FF'" pushedimage="file='Theme\Scrollbar\scrollbar.bmp' source='36,108,52,124' mask='#FFFF00FF'"/>
								</VerticalLayout>
								<HorizontalLayout width="30"/>
							</HorizontalLayout>
						</VerticalLayout>
					</HorizontalLayout>

				</VerticalLayout>
				<Label text="车轮尺寸" float="true" pos="20,0,0,0" bkcolor="0xFFFEFEFE" width="60" height="20"/>
			</HorizontalLayout>


			<HorizontalLayout inset="10,10,10,10">
				<HorizontalLayout bkimage="file='Theme\Button\bkimage.png' corner='3,3,3,3'" inset="10,15,10,10">
				<HorizontalLayout>
					<VerticalLayout  inset="10,15,10,10">


						<HorizontalLayout visible="true" height="33">
							<VerticalLayout>
								<HorizontalLayout />
								<HorizontalLayout height="28">
									<Label text="踏面探头轴向间距:" valign="center" width="150"/>
									<Edit name="EditTreadWidth" textext="mm" bordersize="1" bordercolor="0x7F7F7F7F"/>
								</HorizontalLayout>
								<HorizontalLayout />
							</VerticalLayout>
							<HorizontalLayout width="10"/>

							<VerticalLayout width="16">
								<Button name="BtnSpin" userdata="EditTreadWidth:10.0" clicktype="1" height="16" bkimage="file='Theme\Scrollbar\scrollbar.bmp' source='0,90,16,106' mask='#FFFF00FF'" hotimage="file='Theme\Scrollbar\scrollbar.bmp' source='18,90,34,106' mask='#FFFF00FF'" pushedimage="file='Theme\Scrollbar\scrollbar.bmp' source='36,90,52,106' mask='#FFFF00FF'"/>
								<VerticalLayout height="1" bkcolor="0xFFA0A0A0"/>
								<Button name="BtnSpin" userdata="EditTreadWidth:-10.0" clicktype="1" height="16" bkimage="file='Theme\Scrollbar\scrollbar.bmp' source='0,108,16,124' mask='#FFFF00FF'" hotimage="file='Theme\Scrollbar\scrollbar.bmp' source='18,108,34,124' mask='#FFFF00FF'" pushedimage="file='Theme\Scrollbar\scrollbar.bmp' source='36,108,52,124' mask='#FFFF00FF'"/>
							</VerticalLayout>
							<HorizontalLayout width="5"/>
							<VerticalLayout width="16">
								<Button name="BtnSpin" userdata="EditTreadWidth:1.0" clicktype="1" height="16" bkimage="file='Theme\Scrollbar\scrollbar.bmp' source='0,90,16,106' mask='#FFFF00FF'" hotimage="file='Theme\Scrollbar\scrollbar.bmp' source='18,90,34,106' mask='#FFFF00FF'" pushedimage="file='Theme\Scrollbar\scrollbar.bmp' source='36,90,52,106' mask='#FFFF00FF'"/>
								<VerticalLayout height="1" bkcolor="0xFFA0A0A0"/>
								<Button name="BtnSpin" userdata="EditTreadWidth:-1.0" clicktype="1" height="16" bkimage="file='Theme\Scrollbar\scrollbar.bmp' source='0,108,16,124' mask='#FFFF00FF'" hotimage="file='Theme\Scrollbar\scrollbar.bmp' source='18,108,34,124' mask='#FFFF00FF'" pushedimage="file='Theme\Scrollbar\scrollbar.bmp' source='36,108,52,124' mask='#FFFF00FF'"/>
							</VerticalLayout>
							<HorizontalLayout width="5"/>
							<VerticalLayout width="16">
								<Button name="BtnSpin" userdata="EditWheelParam:0.1" clicktype="1" height="16" bkimage="file='Theme\Scrollbar\scrollbar.bmp' source='0,90,16,106' mask='#FFFF00FF'" hotimage="file='Theme\Scrollbar\scrollbar.bmp' source='18,90,34,106' mask='#FFFF00FF'" pushedimage="file='Theme\Scrollbar\scrollbar.bmp' source='36,90,52,106' mask='#FFFF00FF'"/>
								<VerticalLayout height="1" bkcolor="0xFFA0A0A0"/>
								<Button name="BtnSpin" userdata="EditWheelParam:-0.1" clicktype="1" height="16" bkimage="file='Theme\Scrollbar\scrollbar.bmp' source='0,108,16,124' mask='#FFFF00FF'" hotimage="file='Theme\Scrollbar\scrollbar.bmp' source='18,108,34,124' mask='#FFFF00FF'" pushedimage="file='Theme\Scrollbar\scrollbar.bmp' source='36,108,52,124' mask='#FFFF00FF'"/>
							</VerticalLayout>
							<HorizontalLayout width="30"/>
						</HorizontalLayout>

						<VerticalLayout height="2"/>
						<HorizontalLayout visible="true" height="33">
							<VerticalLayout>
								<HorizontalLayout />
								<HorizontalLayout height="28">
									<Label text="侧面探头径向间距:" valign="center" width="150"/>
									<Edit name="EditSideWidth" textext="mm" bordersize="1" bordercolor="0x7F7F7F7F"/>
								</HorizontalLayout>
								<HorizontalLayout />
							</VerticalLayout>
							<HorizontalLayout width="10"/>

							<VerticalLayout width="16">
								<Button name="BtnSpin" userdata="EditSideWidth:10.0" clicktype="1" height="16" bkimage="file='Theme\Scrollbar\scrollbar.bmp' source='0,90,16,106' mask='#FFFF00FF'" hotimage="file='Theme\Scrollbar\scrollbar.bmp' source='18,90,34,106' mask='#FFFF00FF'" pushedimage="file='Theme\Scrollbar\scrollbar.bmp' source='36,90,52,106' mask='#FFFF00FF'"/>
								<VerticalLayout height="1" bkcolor="0xFFA0A0A0"/>
								<Button name="BtnSpin" userdata="EditSideWidth:-10.0" clicktype="1" height="16" bkimage="file='Theme\Scrollbar\scrollbar.bmp' source='0,108,16,124' mask='#FFFF00FF'" hotimage="file='Theme\Scrollbar\scrollbar.bmp' source='18,108,34,124' mask='#FFFF00FF'" pushedimage="file='Theme\Scrollbar\scrollbar.bmp' source='36,108,52,124' mask='#FFFF00FF'"/>
							</VerticalLayout>
							<HorizontalLayout width="5"/>
							<VerticalLayout width="16">
								<Button name="BtnSpin" userdata="EditSideWidth:1.0" clicktype="1" height="16" bkimage="file='Theme\Scrollbar\scrollbar.bmp' source='0,90,16,106' mask='#FFFF00FF'" hotimage="file='Theme\Scrollbar\scrollbar.bmp' source='18,90,34,106' mask='#FFFF00FF'" pushedimage="file='Theme\Scrollbar\scrollbar.bmp' source='36,90,52,106' mask='#FFFF00FF'"/>
								<VerticalLayout height="1" bkcolor="0xFFA0A0A0"/>
								<Button name="BtnSpin" userdata="EditSideWidth:-1.0" clicktype="1" height="16" bkimage="file='Theme\Scrollbar\scrollbar.bmp' source='0,108,16,124' mask='#FFFF00FF'" hotimage="file='Theme\Scrollbar\scrollbar.bmp' source='18,108,34,124' mask='#FFFF00FF'" pushedimage="file='Theme\Scrollbar\scrollbar.bmp' source='36,108,52,124' mask='#FFFF00FF'"/>
							</VerticalLayout>
							<HorizontalLayout width="5"/>
							<VerticalLayout width="16">
								<Button name="BtnSpin" userdata="EditSideWidth:0.1" clicktype="1" height="16" bkimage="file='Theme\Scrollbar\scrollbar.bmp' source='0,90,16,106' mask='#FFFF00FF'" hotimage="file='Theme\Scrollbar\scrollbar.bmp' source='18,90,34,106' mask='#FFFF00FF'" pushedimage="file='Theme\Scrollbar\scrollbar.bmp' source='36,90,52,106' mask='#FFFF00FF'"/>
								<VerticalLayout height="1" bkcolor="0xFFA0A0A0"/>
								<Button name="BtnSpin" userdata="EditSideWidth:-0.1" clicktype="1" height="16" bkimage="file='Theme\Scrollbar\scrollbar.bmp' source='0,108,16,124' mask='#FFFF00FF'" hotimage="file='Theme\Scrollbar\scrollbar.bmp' source='18,108,34,124' mask='#FFFF00FF'" pushedimage="file='Theme\Scrollbar\scrollbar.bmp' source='36,108,52,124' mask='#FFFF00FF'"/>
							</VerticalLayout>
							<HorizontalLayout width="30"/>
						</HorizontalLayout>

					</VerticalLayout>
			</HorizontalLayout>
				
				<HorizontalLayout>
					<VerticalLayout visible="false"  inset="10,15,10,10">

			
						<HorizontalLayout  height="33">
							<VerticalLayout>
								<HorizontalLayout />
								<HorizontalLayout height="28">
									<Label text="" valign="center" width="150"/>
									<Edit name="EditWheelParam" textext="mm" bordersize="1" bordercolor="0x7F7F7F7F"/>
								</HorizontalLayout>
								<HorizontalLayout />
							</VerticalLayout>
							<HorizontalLayout width="10"/>

							<VerticalLayout width="16">
								<Button name="BtnSpin" userdata="EditWheelParam:100.0" clicktype="1" height="16" bkimage="file='Theme\Scrollbar\scrollbar.bmp' source='0,90,16,106' mask='#FFFF00FF'" hotimage="file='Theme\Scrollbar\scrollbar.bmp' source='18,90,34,106' mask='#FFFF00FF'" pushedimage="file='Theme\Scrollbar\scrollbar.bmp' source='36,90,52,106' mask='#FFFF00FF'"/>
								<VerticalLayout height="1" bkcolor="0xFFA0A0A0"/>
								<Button name="BtnSpin" userdata="EditWheelParam:-100.0" clicktype="1" height="16" bkimage="file='Theme\Scrollbar\scrollbar.bmp' source='0,108,16,124' mask='#FFFF00FF'" hotimage="file='Theme\Scrollbar\scrollbar.bmp' source='18,108,34,124' mask='#FFFF00FF'" pushedimage="file='Theme\Scrollbar\scrollbar.bmp' source='36,108,52,124' mask='#FFFF00FF'"/>
							</VerticalLayout>
							<HorizontalLayout width="5"/>
							<VerticalLayout width="16">
								<Button name="BtnSpin" userdata="EditWheelParam:10.0" clicktype="1" height="16" bkimage="file='Theme\Scrollbar\scrollbar.bmp' source='0,90,16,106' mask='#FFFF00FF'" hotimage="file='Theme\Scrollbar\scrollbar.bmp' source='18,90,34,106' mask='#FFFF00FF'" pushedimage="file='Theme\Scrollbar\scrollbar.bmp' source='36,90,52,106' mask='#FFFF00FF'"/>
								<VerticalLayout height="1" bkcolor="0xFFA0A0A0"/>
								<Button name="BtnSpin" userdata="EditWheelParam:-10.0" clicktype="1" height="16" bkimage="file='Theme\Scrollbar\scrollbar.bmp' source='0,108,16,124' mask='#FFFF00FF'" hotimage="file='Theme\Scrollbar\scrollbar.bmp' source='18,108,34,124' mask='#FFFF00FF'" pushedimage="file='Theme\Scrollbar\scrollbar.bmp' source='36,108,52,124' mask='#FFFF00FF'"/>
							</VerticalLayout>
							<HorizontalLayout width="5"/>
							<VerticalLayout width="16">
								<Button name="BtnSpin" userdata="EditWheelParam:1.0" clicktype="1" height="16" bkimage="file='Theme\Scrollbar\scrollbar.bmp' source='0,90,16,106' mask='#FFFF00FF'" hotimage="file='Theme\Scrollbar\scrollbar.bmp' source='18,90,34,106' mask='#FFFF00FF'" pushedimage="file='Theme\Scrollbar\scrollbar.bmp' source='36,90,52,106' mask='#FFFF00FF'"/>
								<VerticalLayout height="1" bkcolor="0xFFA0A0A0"/>
								<Button name="BtnSpin" userdata="EditWheelParam:-1.0" clicktype="1" height="16" bkimage="file='Theme\Scrollbar\scrollbar.bmp' source='0,108,16,124' mask='#FFFF00FF'" hotimage="file='Theme\Scrollbar\scrollbar.bmp' source='18,108,34,124' mask='#FFFF00FF'" pushedimage="file='Theme\Scrollbar\scrollbar.bmp' source='36,108,52,124' mask='#FFFF00FF'"/>
							</VerticalLayout>
							<HorizontalLayout width="30"/>
						</HorizontalLayout>
						
						<VerticalLayout height="2"/>
						<HorizontalLayout visible="true" height="33">
							<VerticalLayout>
								<HorizontalLayout />
								<HorizontalLayout height="28">
									<Label text="" valign="center" width="150"/>
									<Edit name="EditWheelParam" textext="dB" bordersize="1" bordercolor="0x7F7F7F7F"/>
								</HorizontalLayout>
								<HorizontalLayout />
							</VerticalLayout>
							<HorizontalLayout width="10"/>

							<VerticalLayout width="16">
								<Button name="BtnSpin" userdata="EditWheelParam:100.0" clicktype="1" height="16" bkimage="file='Theme\Scrollbar\scrollbar.bmp' source='0,90,16,106' mask='#FFFF00FF'" hotimage="file='Theme\Scrollbar\scrollbar.bmp' source='18,90,34,106' mask='#FFFF00FF'" pushedimage="file='Theme\Scrollbar\scrollbar.bmp' source='36,90,52,106' mask='#FFFF00FF'"/>
								<VerticalLayout height="1" bkcolor="0xFFA0A0A0"/>
								<Button name="BtnSpin" userdata="EditWheelParam:-100.0" clicktype="1" height="16" bkimage="file='Theme\Scrollbar\scrollbar.bmp' source='0,108,16,124' mask='#FFFF00FF'" hotimage="file='Theme\Scrollbar\scrollbar.bmp' source='18,108,34,124' mask='#FFFF00FF'" pushedimage="file='Theme\Scrollbar\scrollbar.bmp' source='36,108,52,124' mask='#FFFF00FF'"/>
							</VerticalLayout>
							<HorizontalLayout width="5"/>
							<VerticalLayout width="16">
								<Button name="BtnSpin" userdata="EditWheelParam:10.0" clicktype="1" height="16" bkimage="file='Theme\Scrollbar\scrollbar.bmp' source='0,90,16,106' mask='#FFFF00FF'" hotimage="file='Theme\Scrollbar\scrollbar.bmp' source='18,90,34,106' mask='#FFFF00FF'" pushedimage="file='Theme\Scrollbar\scrollbar.bmp' source='36,90,52,106' mask='#FFFF00FF'"/>
								<VerticalLayout height="1" bkcolor="0xFFA0A0A0"/>
								<Button name="BtnSpin" userdata="EditWheelParam:-10.0" clicktype="1" height="16" bkimage="file='Theme\Scrollbar\scrollbar.bmp' source='0,108,16,124' mask='#FFFF00FF'" hotimage="file='Theme\Scrollbar\scrollbar.bmp' source='18,108,34,124' mask='#FFFF00FF'" pushedimage="file='Theme\Scrollbar\scrollbar.bmp' source='36,108,52,124' mask='#FFFF00FF'"/>
							</VerticalLayout>
							<HorizontalLayout width="5"/>
							<VerticalLayout width="16">
								<Button name="BtnSpin" userdata="EditWheelParam:1.0" clicktype="1" height="16" bkimage="file='Theme\Scrollbar\scrollbar.bmp' source='0,90,16,106' mask='#FFFF00FF'" hotimage="file='Theme\Scrollbar\scrollbar.bmp' source='18,90,34,106' mask='#FFFF00FF'" pushedimage="file='Theme\Scrollbar\scrollbar.bmp' source='36,90,52,106' mask='#FFFF00FF'"/>
								<VerticalLayout height="1" bkcolor="0xFFA0A0A0"/>
								<Button name="BtnSpin" userdata="EditWheelParam:-1.0" clicktype="1" height="16" bkimage="file='Theme\Scrollbar\scrollbar.bmp' source='0,108,16,124' mask='#FFFF00FF'" hotimage="file='Theme\Scrollbar\scrollbar.bmp' source='18,108,34,124' mask='#FFFF00FF'" pushedimage="file='Theme\Scrollbar\scrollbar.bmp' source='36,108,52,124' mask='#FFFF00FF'"/>
							</VerticalLayout>
							<HorizontalLayout width="30"/>
						</HorizontalLayout>

					</VerticalLayout>
				</HorizontalLayout>
				
			</HorizontalLayout>
				<Label text="探头尺寸" float="true" pos="20,0,0,0" bkcolor="0xFFFEFEFE" width="60" height="20"/>
			</HorizontalLayout>
		</VerticalLayout>
			</HorizontalLayout>
		<VerticalLayout bkimage="Theme\Line\v_line.png" height="1"/>
		<VerticalLayout height="20"/>
		<HorizontalLayout height="40">
			<VerticalLayout />
			<Button name="IDCANCELProbleWheel"  text="退出" font="6" />
			<VerticalLayout />
		</HorizontalLayout>
		<VerticalLayout height="20"/>
	</VerticalLayout>
</Window>