<?xml version="1.0" encoding="utf-8"?>
<Window size="1280,900" caption="5,5,5,52" sizebox="10,10,10,10" mininfo="640,480">	
	<Font name="楷体" size="14" default="true"/>
	<Font name="楷体" size="18" />
	<Font name="楷体" size="24" />
	<Font name="楷体" size="32" />
	<Font name="楷体" size="14" bold="true"/>
	<Font name="楷体" size="18" bold="true"/>
	<Font name="楷体" size="24" bold="true"/>
	<Font name="楷体" size="40" bold="true"/>

	<Default name="VScrollBar" value="button1normalimage=&quot;file='Theme\Scrollbar\scrollbar.bmp' source='0,90,16,106' mask='#FFFF00FF'&quot; button1hotimage=&quot;file='Theme\Scrollbar\scrollbar.bmp' source='18,90,34,106' mask='#FFFF00FF'&quot; button1pushedimage=&quot;file='Theme\Scrollbar\scrollbar.bmp' source='36,90,52,106' mask='#FFFF00FF'&quot; button1disabledimage=&quot;file='Theme\Scrollbar\scrollbar.bmp' source='54,90,70,106' mask='#FFFF00FF'&quot; button2normalimage=&quot;file='Theme\Scrollbar\scrollbar.bmp' source='0,108,16,124' mask='#FFFF00FF'&quot; button2hotimage=&quot;file='Theme\Scrollbar\scrollbar.bmp' source='18,108,34,124' mask='#FFFF00FF'&quot; button2pushedimage=&quot;file='Theme\Scrollbar\scrollbar.bmp' source='36,108,52,124' mask='#FFFF00FF'&quot; button2disabledimage=&quot;file='Theme\Scrollbar\scrollbar.bmp' source='54,108,70,124' mask='#FFFF00FF'&quot; thumbnormalimage=&quot;file='Theme\Scrollbar\scrollbar.bmp' source='0,126,16,142' corner='2,2,2,2' mask='#FFFF00FF'&quot; thumbhotimage=&quot;file='Theme\Scrollbar\scrollbar.bmp' source='18,126,34,142' corner='2,2,2,2' mask='#FFFF00FF'&quot; thumbpushedimage=&quot;file='Theme\Scrollbar\scrollbar.bmp' source='36,126,52,142' corner='2,2,2,2' mask='#FFFF00FF'&quot; thumbdisabledimage=&quot;file='Theme\Scrollbar\scrollbar.bmp' source='54,126,70,142' corner='2,2,2,2' mask='#FFFF00FF'&quot; railnormalimage=&quot;file='Theme\Scrollbar\scrollbar.bmp' source='0,144,16,160' corner='2,2,2,2' mask='#FFFF00FF'&quot; railhotimage=&quot;file='Theme\Scrollbar\scrollbar.bmp' source='18,144,34,160' corner='2,2,2,2' mask='#FFFF00FF'&quot; railpushedimage=&quot;file='Theme\Scrollbar\scrollbar.bmp' source='36,144,52,160' corner='2,2,2,2' mask='#FFFF00FF'&quot; raildisabledimage=&quot;file='Theme\Scrollbar\scrollbar.bmp' source='54,144,70,160' corner='2,2,2,2' mask='#FFFF00FF'&quot; bknormalimage=&quot;file='Theme\Scrollbar\scrollbar.bmp' source='0,162,16,178' corner='2,2,2,2' mask='#FFFF00FF'&quot; bkhotimage=&quot;file='Theme\Scrollbar\scrollbar.bmp' source='18,162,34,178' corner='2,2,2,2' mask='#FFFF00FF'&quot; bkpushedimage=&quot;file='Theme\Scrollbar\scrollbar.bmp' source='36,162,52,178' corner='2,2,2,2' mask='#FFFF00FF'&quot; bkdisabledimage=&quot;file='Theme\Scrollbar\scrollbar.bmp' source='54,162,70,178' corner='2,2,2,2' mask='#FFFF00FF'&quot; " />
	<Default name="HScrollBar" value="button1normalimage=&quot;file='Theme\Scrollbar\scrollbar.bmp' source='0,0,16,16' mask='#FFFF00FF'&quot; button1hotimage=&quot;file='Theme\Scrollbar\scrollbar.bmp' source='18,0,34,16' mask='#FFFF00FF'&quot; button1pushedimage=&quot;file='Theme\Scrollbar\scrollbar.bmp' source='36,0,52,16' mask='#FFFF00FF'&quot; button1disabledimage=&quot;file='Theme\Scrollbar\scrollbar.bmp' source='54,0,70,16' mask='#FFFF00FF'&quot; button2normalimage=&quot;file='Theme\Scrollbar\scrollbar.bmp' source='0,18,16,34' mask='#FFFF00FF'&quot; button2hotimage=&quot;file='Theme\Scrollbar\scrollbar.bmp' source='18,18,34,34' mask='#FFFF00FF'&quot; button2pushedimage=&quot;file='Theme\Scrollbar\scrollbar.bmp' source='36,18,52,34' mask='#FFFF00FF'&quot; button2disabledimage=&quot;file='Theme\Scrollbar\scrollbar.bmp' source='54,18,70,34' mask='#FFFF00FF'&quot; thumbnormalimage=&quot;file='Theme\Scrollbar\scrollbar.bmp' source='0,36,16,52' corner='2,2,2,2' mask='#FFFF00FF'&quot; thumbhotimage=&quot;file='Theme\Scrollbar\scrollbar.bmp' source='18,36,34,52' corner='2,2,2,2' mask='#FFFF00FF'&quot; thumbpushedimage=&quot;file='Theme\Scrollbar\scrollbar.bmp' source='36,36,52,52' corner='2,2,2,2' mask='#FFFF00FF'&quot; thumbdisabledimage=&quot;file='Theme\Scrollbar\scrollbar.bmp' source='54,36,70,52' corner='2,2,2,2' mask='#FFFF00FF'&quot; railnormalimage=&quot;file='Theme\Scrollbar\scrollbar.bmp' source='0,54,16,70' corner='2,2,2,2' mask='#FFFF00FF'&quot; railhotimage=&quot;file='Theme\Scrollbar\scrollbar.bmp' source='18,54,34,70' corner='2,2,2,2' mask='#FFFF00FF'&quot; railpushedimage=&quot;file='Theme\Scrollbar\scrollbar.bmp' source='36,54,52,70' corner='2,2,2,2' mask='#FFFF00FF'&quot; raildisabledimage=&quot;file='Theme\Scrollbar\scrollbar.bmp' source='54,54,70,70' corner='2,2,2,2' mask='#FFFF00FF'&quot; bknormalimage=&quot;file='Theme\Scrollbar\scrollbar.bmp' source='0,72,16,88' corner='2,2,2,2' mask='#FFFF00FF'&quot; bkhotimage=&quot;file='Theme\Scrollbar\scrollbar.bmp' source='18,72,34,88' corner='2,2,2,2' mask='#FFFF00FF'&quot; bkpushedimage=&quot;file='Theme\Scrollbar\scrollbar.bmp' source='36,72,52,88' corner='2,2,2,2' mask='#FFFF00FF'&quot; bkdisabledimage=&quot;file='Theme\Scrollbar\scrollbar.bmp' source='54,72,70,88' corner='2,2,2,2' mask='#FFFF00FF'&quot; " />
	<Default name="Button" value="align=&quot;center&quot; valign=&quot;center&quot; bkcolor=&quot;0xFFEEEEEE&quot; hotbkcolor=&quot;0xFF1874CD&quot;" />

	<VerticalLayout bkcolor="0xFFFEFEFE" bordersize="1" bordercolor="0xFFDDDDDD">
		<HorizontalLayout height="34" >
			<Label text="数据回放" font="0" bkimage="file='Theme\Button\union.png' dest='2,2,34,34'" textpadding="34,0,0,0" align="left" valign="center" />
			<HorizontalLayout visible ="false" width="95">
				<Button float="true" pos="0,0,0,0" name="minbtn" tooltip="最小化"  width="28" height="19" bkcolor="" normalimage="Theme\Button\btn_mini_normal.png" hotimage="Theme\Button\btn_mini_highlight.png" pushedimage="Theme\Button\btn_mini_down.png"/>
				<Button float="true" pos="29,0,0,0" name="maxbtn" tooltip="最大化"  width="28" height="19" bkcolor="" normalimage="Theme\Button\btn_max_normal.png" hotimage="Theme\Button\btn_max_highlight.png" pushedimage="Theme\Button\btn_max_down.png"/>
				<Button float="true" pos="29,0,0,0" name="restorebtn" tooltip="还原" visible="false" width="28" bkcolor="" height="19" normalimage="Theme\Button\btn_restore_normal.png" hotimage="Theme\Button\btn_restore_highlight.png" pushedimage="Theme\Button\btn_restore_down.png"/>
				<Button float="true" pos="57,0,0,0" name="closebtn" tooltip="关闭"  width="39" height="19" bkcolor="" normalimage="Theme\Button\btn_close_normal.png" hotimage="Theme\Button\btn_close_highlight.png" pushedimage="Theme\Button\btn_close_down.png"/>
			</HorizontalLayout>
		</HorizontalLayout>
		<VerticalLayout bkimage="Theme\Line\v_line.png" height="1"/>
		<HorizontalLayout>
			<HorizontalLayout inset="10,10,10,10">
				<WindowUI name="WndOpenGL" bkcolor="0xFF000000" />
			</HorizontalLayout>
			<VerticalLayout width="400">
				<HorizontalLayout inset="10,10,10,10">
					<VerticalLayout bkimage="file='Theme\Button\bkimage.png' corner='3,3,3,3'" inset="10,15,10,10">

						<HorizontalLayout height="32" >
							<Label text="数据类型" valign="center" />
							<Label text="年/月" valign="center" />
							<Label text="日期" valign="center" />
			

						</HorizontalLayout>

						<VerticalLayout height="2"/>
						<HorizontalLayout height="33">
							<Combo name="ComboViewType" textpadding="4,1,1,1" normalimage="file='Theme\Combo\combo.png' source='0,0,100,22' corner='2,2,20,18'" hotimage="file='Theme\Combo\combo.png' source='0,22,100,44' corner='2,2,22,18'" pushedimage="file='Theme\Combo\combo.png' source='0,44,100,66' corner='2,2,22,18'" dropboxsize="0, 400">
								<ListLabelElement text="探伤数据" selected="true" height="35" />
								<ListLabelElement text="日常校验" height="35" />
						
							</Combo>
							<Combo name="ComboYearMonth" textpadding="4,1,1,1" normalimage="file='Theme\Combo\combo.png' source='0,0,100,22' corner='2,2,20,18'" hotimage="file='Theme\Combo\combo.png' source='0,22,100,44' corner='2,2,22,18'" pushedimage="file='Theme\Combo\combo.png' source='0,44,100,66' corner='2,2,22,18'" dropboxsize="0, 400">
								<ListLabelElement text="2023/08" selected="true" height="35" />
								<ListLabelElement text="2023/09" height="35" />
								<ListLabelElement text="2023/10" height="35" />
							</Combo>
							<Combo name="ComboDay" textpadding="4,1,1,1" normalimage="file='Theme\Combo\combo.png' source='0,0,100,22' corner='2,2,20,18'" hotimage="file='Theme\Combo\combo.png' source='0,22,100,44' corner='2,2,22,18'" pushedimage="file='Theme\Combo\combo.png' source='0,44,100,66' corner='2,2,22,18'" dropboxsize="0, 400">
								<ListLabelElement text="01" selected="true" height="35" />
								<ListLabelElement text="02" height="35" />
								<ListLabelElement text="03" height="35" />
							</Combo>
						</HorizontalLayout>

						<VerticalLayout height="2"/>

						<HorizontalLayout bkimage="file='Theme\Button\bkimage.png' corner='3,3,3,3'" inset="5,5,5,5">
							<List name="DetectFileList" header="hidden" itemalign="center" bordersize="1" bkcolor="#FFFFFFFF" itemtextpadding="5,0,0,0" itemtextcolor="#FF000000" itembkcolor="#FFFFFFFF" itemselectedtextcolor="#FF000000" itemselectedbkcolor="#FFC1E3FF" itemhottextcolor="#FF000000" itemhotbkcolor="#FFE9F5FF" itemdisabledtextcolor="#FFCCCCCC" itemdisabledbkcolor="#FFFFFFFF" vscrollbar="true" hscrollbar="true">
							</List>
						</HorizontalLayout>

					</VerticalLayout >

						<Label text="数据列表" float="true" pos="20,0,0,0" bkcolor="0xFFFEFEFE" width="60" height="20"/>
				</HorizontalLayout>

				<HorizontalLayout inset="10,10,10,10">
					<VerticalLayout bkimage="file='Theme\Button\bkimage.png' corner='3,3,3,3'" inset="10,15,10,10">


						<VerticalLayout   inset="10,0,10,0">

									 <HorizontalLayout  height= "70" width="350"  inset="10,5,10,5">
										 <Button name="BtnDefectList"  text="缺陷列表" font="6" />

										 <VerticalLayout width="20"/>
										 <Button name="IDCANCEL"  text="退出" font="6" />
							</HorizontalLayout>
							
							<HorizontalLayout  height= "70" width="350" inset="10,5,10,5">
								<Button name="BtnDeletSelect"  text="删除当前数据" font="6" />
								<VerticalLayout width="20"/>
								<Button name="BtnDeleteSelectMonth"  text="删除整月数据" font="6" />
							
							</HorizontalLayout>

							<HorizontalLayout  height= "70" width="350" inset="10,5,10,5">
								<Button name="BtnDeleteAll"  text="清空数据" font="6" />
								<VerticalLayout width="20"/>
								<Button name="BtnReport"  text="导出报表" font="6" />

							</HorizontalLayout>


							<HorizontalLayout   height= "70" width="350"  inset="10,5,10,5">


							</HorizontalLayout>

							<VerticalLayout width="10"/>

							<VerticalLayout height="1" bkcolor="0x66000000"  />

							<VerticalLayout width="10"/>

							<HorizontalLayout   inset="30,1,1,1">

								<Label name="LabelWheelName1" text="车轮型号：" valign="center" font="1"/>
								<VerticalLayout width="5"/>

								<Label name="LabelWheelValue1" text="RD2A" valign="center"  font="1"/>

							</HorizontalLayout>

							<HorizontalLayout   inset="30,1,1,1">

								<Label name="LabelWheelName2" text="检测类型：" valign="center" font="1"/>
								<VerticalLayout width="5"/>

								<Label name="LabelWheelValue2" text="自动检测" valign="center"  font="1"/>

							</HorizontalLayout>

							<HorizontalLayout   inset="30,1,1,1">

								<Label name="LabelWheelName3" text="检测人员：" valign="center" font="1"/>
								<VerticalLayout width="5"/>

								<Label name="LabelWheelValue3" text="李四" valign="center"  font="1"/>

							</HorizontalLayout>
							<HorizontalLayout  inset="30,1,1,1" >

								<Label name="LabelWheelName4" text="车轮转速:" valign="center" font="1"/>
								<VerticalLayout width="5"/>

								<Label name="LabelWheelValue4" text="2圈每分钟" valign="center"  font="1"/>

							</HorizontalLayout>

						</VerticalLayout>

					</VerticalLayout>
					<Label text="检测操作" float="true" pos="20,0,0,0" bkcolor="0xFFFEFEFE" width="60" height="20"/>
				</HorizontalLayout>
			</VerticalLayout>
		</HorizontalLayout>
		<HorizontalLayout height="100" inset="10,10,10,10">
			<HorizontalLayout    bkimage="file='Theme\Button\bkimage.png' corner='3,3,3,3'" inset="10,5,5,5">
				<HorizontalLayout width="200" >
					<VerticalLayout   width="200"  >
						<Label name="LabelTime" text="" valign="center" font="3"/>
						<VerticalLayout width="5"/>
						<Label name="LabelData" text="" valign="center"  font="3"/>

					</VerticalLayout>		   
				</HorizontalLayout>

				<HorizontalLayout width="1000" inset="2,2,2,2" >
					<VerticalLayout    width="120">
						<Label name="LabelMesName11" visible ="false" text="超声未连接！" valign="left"  font="1"/>

						<Label name="LabelMesName12" visible ="false" text="PLC未连接！" valign="left" font="1"/>
                 
						<Label name="LabelMesName13" visible ="false" text="工艺名称！" valign="left" font="1"/>
					</VerticalLayout>
					
					<VerticalLayout    width="60" >
						<Label name="LabelMesName21" visible ="false" text="" valign="left"  font="1"/>
			
						<Label name="LabelMesName22" visible ="false" text="踏面：" valign="left" font="1"/>
     
						<Label name="LabelMesName23" visible ="false" text="侧面：" valign="left" font="1"/>
					</VerticalLayout>
														<VerticalLayout    width="100" >
						<Label name="LabelMesName31" visible ="false" text="步进mm" valign="left"  font="1"/>
				
						<Label name="LabelMesName32" visible ="false" text="9.5 " valign="left" font="1"/>
                
						<Label name="LabelMesName33" visible ="false" text="10.5" valign="left" font="1"/>
					</VerticalLayout>
					<VerticalLayout     width="250">
						<Label name="LabelMesName41"  visible ="false" text="" valign="left"  font="1"/>
			
						<Label name="LabelMesName42" visible ="false" text="" valign="left" font="1"/>
        
						<Label name="LabelMesName43" visible ="false" text="" valign="left" font="1"/>
					</VerticalLayout>
					
					<VerticalLayout    width="200" visible ="false"  >
						<Label name="LabelMesName51" visible ="true" text="" valign="left"  font="1"/>
						
						<Label name="LabelMesName52"  visible ="true" text="" valign="left" font="1"/>
      
						<Label name="LabelMesName53" visible ="true" text="" valign="left" font="1"/>
					</VerticalLayout>
					  
					
					<VerticalLayout   width="200">
						<Label name="LabelMesName61" visible ="true" text=""  valign="left" font="1"/>
		
						<Label name="LabelMesName62" visible ="true" text="" valign="left" font="1"/>
	
						<Label name="LabelMesName63" visible ="true" text="" valign="left"  font="1"/>
					</VerticalLayout>		   
					<VerticalLayout   width="200">
						<Label name="LabelMesName71" text="" valign="left" font="1"/>
		
						<Label name="LabelMesName72" text="" valign="left" font="1"/>
	
						<Label name="LabelMesName73" text="" valign="left"  font="1"/>
					</VerticalLayout>		 
				</HorizontalLayout>


				<HorizontalLayout width="100" inset="10,5,5,5" >


					<VerticalLayout    >
						<Button name="BtnTest"  visible ="false" text="数据读取测试" font="4" />
						<VerticalLayout width="5"/>
						<Button name="BtnTest2"  visible ="false" text="测试2" font="4" />

					</VerticalLayout>		   

				</HorizontalLayout>
			
			</HorizontalLayout>


			<VerticalLayout width="20"/>
			<HorizontalLayout width="380"  bkimage="file='Theme\Button\bkimage.png' corner='3,3,3,3'" inset="10,1,10,10">

				<HorizontalLayout  height= "80"   >
					<Label name="LabelScanRes" text="不合格"  textcolor="" align ="center"  valign="center" font="7"/>


				</HorizontalLayout>

			</HorizontalLayout>

		</HorizontalLayout>
	</VerticalLayout>
</Window>