<?xml version="1.0" encoding="utf-8"?>
<Window size="1580,950" caption="5,5,5,52" sizebox="10,10,10,10" mininfo="640,480">
	<Font name="楷体" size="14" default="true"/>
	<Font name="楷体" size="18" />
	<Font name="楷体" size="24" />
	<Font name="楷体" size="32" />
	<Font name="楷体" size="14" bold="true"/>
	<Font name="楷体" size="18" bold="true"/>
	<Font name="楷体" size="24" bold="true"/>
	<Font name="楷体" size="32" bold="true"/>

	<Default name="VScrollBar" value="button1normalimage=&quot;file='Theme\Scrollbar\scrollbar.bmp' source='0,90,16,106' mask='#FFFF00FF'&quot; button1hotimage=&quot;file='Theme\Scrollbar\scrollbar.bmp' source='18,90,34,106' mask='#FFFF00FF'&quot; button1pushedimage=&quot;file='Theme\Scrollbar\scrollbar.bmp' source='36,90,52,106' mask='#FFFF00FF'&quot; button1disabledimage=&quot;file='Theme\Scrollbar\scrollbar.bmp' source='54,90,70,106' mask='#FFFF00FF'&quot; button2normalimage=&quot;file='Theme\Scrollbar\scrollbar.bmp' source='0,108,16,124' mask='#FFFF00FF'&quot; button2hotimage=&quot;file='Theme\Scrollbar\scrollbar.bmp' source='18,108,34,124' mask='#FFFF00FF'&quot; button2pushedimage=&quot;file='Theme\Scrollbar\scrollbar.bmp' source='36,108,52,124' mask='#FFFF00FF'&quot; button2disabledimage=&quot;file='Theme\Scrollbar\scrollbar.bmp' source='54,108,70,124' mask='#FFFF00FF'&quot; thumbnormalimage=&quot;file='Theme\Scrollbar\scrollbar.bmp' source='0,126,16,142' corner='2,2,2,2' mask='#FFFF00FF'&quot; thumbhotimage=&quot;file='Theme\Scrollbar\scrollbar.bmp' source='18,126,34,142' corner='2,2,2,2' mask='#FFFF00FF'&quot; thumbpushedimage=&quot;file='Theme\Scrollbar\scrollbar.bmp' source='36,126,52,142' corner='2,2,2,2' mask='#FFFF00FF'&quot; thumbdisabledimage=&quot;file='Theme\Scrollbar\scrollbar.bmp' source='54,126,70,142' corner='2,2,2,2' mask='#FFFF00FF'&quot; railnormalimage=&quot;file='Theme\Scrollbar\scrollbar.bmp' source='0,144,16,160' corner='2,2,2,2' mask='#FFFF00FF'&quot; railhotimage=&quot;file='Theme\Scrollbar\scrollbar.bmp' source='18,144,34,160' corner='2,2,2,2' mask='#FFFF00FF'&quot; railpushedimage=&quot;file='Theme\Scrollbar\scrollbar.bmp' source='36,144,52,160' corner='2,2,2,2' mask='#FFFF00FF'&quot; raildisabledimage=&quot;file='Theme\Scrollbar\scrollbar.bmp' source='54,144,70,160' corner='2,2,2,2' mask='#FFFF00FF'&quot; bknormalimage=&quot;file='Theme\Scrollbar\scrollbar.bmp' source='0,162,16,178' corner='2,2,2,2' mask='#FFFF00FF'&quot; bkhotimage=&quot;file='Theme\Scrollbar\scrollbar.bmp' source='18,162,34,178' corner='2,2,2,2' mask='#FFFF00FF'&quot; bkpushedimage=&quot;file='Theme\Scrollbar\scrollbar.bmp' source='36,162,52,178' corner='2,2,2,2' mask='#FFFF00FF'&quot; bkdisabledimage=&quot;file='Theme\Scrollbar\scrollbar.bmp' source='54,162,70,178' corner='2,2,2,2' mask='#FFFF00FF'&quot; " />
	<Default name="HScrollBar" value="button1normalimage=&quot;file='Theme\Scrollbar\scrollbar.bmp' source='0,0,16,16' mask='#FFFF00FF'&quot; button1hotimage=&quot;file='Theme\Scrollbar\scrollbar.bmp' source='18,0,34,16' mask='#FFFF00FF'&quot; button1pushedimage=&quot;file='Theme\Scrollbar\scrollbar.bmp' source='36,0,52,16' mask='#FFFF00FF'&quot; button1disabledimage=&quot;file='Theme\Scrollbar\scrollbar.bmp' source='54,0,70,16' mask='#FFFF00FF'&quot; button2normalimage=&quot;file='Theme\Scrollbar\scrollbar.bmp' source='0,18,16,34' mask='#FFFF00FF'&quot; button2hotimage=&quot;file='Theme\Scrollbar\scrollbar.bmp' source='18,18,34,34' mask='#FFFF00FF'&quot; button2pushedimage=&quot;file='Theme\Scrollbar\scrollbar.bmp' source='36,18,52,34' mask='#FFFF00FF'&quot; button2disabledimage=&quot;file='Theme\Scrollbar\scrollbar.bmp' source='54,18,70,34' mask='#FFFF00FF'&quot; thumbnormalimage=&quot;file='Theme\Scrollbar\scrollbar.bmp' source='0,36,16,52' corner='2,2,2,2' mask='#FFFF00FF'&quot; thumbhotimage=&quot;file='Theme\Scrollbar\scrollbar.bmp' source='18,36,34,52' corner='2,2,2,2' mask='#FFFF00FF'&quot; thumbpushedimage=&quot;file='Theme\Scrollbar\scrollbar.bmp' source='36,36,52,52' corner='2,2,2,2' mask='#FFFF00FF'&quot; thumbdisabledimage=&quot;file='Theme\Scrollbar\scrollbar.bmp' source='54,36,70,52' corner='2,2,2,2' mask='#FFFF00FF'&quot; railnormalimage=&quot;file='Theme\Scrollbar\scrollbar.bmp' source='0,54,16,70' corner='2,2,2,2' mask='#FFFF00FF'&quot; railhotimage=&quot;file='Theme\Scrollbar\scrollbar.bmp' source='18,54,34,70' corner='2,2,2,2' mask='#FFFF00FF'&quot; railpushedimage=&quot;file='Theme\Scrollbar\scrollbar.bmp' source='36,54,52,70' corner='2,2,2,2' mask='#FFFF00FF'&quot; raildisabledimage=&quot;file='Theme\Scrollbar\scrollbar.bmp' source='54,54,70,70' corner='2,2,2,2' mask='#FFFF00FF'&quot; bknormalimage=&quot;file='Theme\Scrollbar\scrollbar.bmp' source='0,72,16,88' corner='2,2,2,2' mask='#FFFF00FF'&quot; bkhotimage=&quot;file='Theme\Scrollbar\scrollbar.bmp' source='18,72,34,88' corner='2,2,2,2' mask='#FFFF00FF'&quot; bkpushedimage=&quot;file='Theme\Scrollbar\scrollbar.bmp' source='36,72,52,88' corner='2,2,2,2' mask='#FFFF00FF'&quot; bkdisabledimage=&quot;file='Theme\Scrollbar\scrollbar.bmp' source='54,72,70,88' corner='2,2,2,2' mask='#FFFF00FF'&quot; " />
	<Default name="Button" value="align=&quot;center&quot; valign=&quot;center&quot; bkcolor=&quot;0xFFEEEEEE&quot; hotbkcolor=&quot;0xFF1874CD&quot;" />

	<VerticalLayout bkcolor="0xFFFEFEFE" bordersize="1" bordercolor="0xFFDDDDDD">
		<HorizontalLayout height="34" >
			<Label text="参数调校" font="0" bkimage="file='Theme\Button\union.png' dest='2,2,34,34'" textpadding="34,0,0,0" align="left" valign="center" />
			<HorizontalLayout width="95">
				<Button float="true" pos="57,0,0,0" name="hidenBtn" tooltip="关闭" width="39" height="19" bkcolor="" normalimage="Theme\Button\btn_close_normal.png" hotimage="Theme\Button\btn_close_highlight.png" pushedimage="Theme\Button\btn_close_down.png" />
			</HorizontalLayout>
		</HorizontalLayout>
		<VerticalLayout bkimage="Theme\Line\v_line.png" height="1"/>
		<HorizontalLayout>
			<VerticalLayout>
				<HorizontalLayout inset="10,10,10,10">
					<WindowUI name="WndOpenGL" bkcolor="0xFF000000" />
				</HorizontalLayout>
				<VerticalLayout>
					<HorizontalLayout inset="10,10,10,10">
						<HorizontalLayout bkimage="file='Theme\Button\bkimage.png' corner='3,3,3,3'" inset="10,15,10,10">
							<List name="ListMessure" itemalign="center" inset="1,1,1,1" bordersize="1" bordercolor="0x7F7F7F7F" bkcolor="#FFFFFFFF" itemtextpadding="5,0,0,0" itemtextcolor="#FF000000" itembkcolor="#FFFFFFFF" itemselectedtextcolor="#FF000000" itemselectedbkcolor="#FFC1E3FF" itemhottextcolor="#FF000000" itemhotbkcolor="#FFE9F5FF" itemdisabledtextcolor="#FFCCCCCC" itemdisabledbkcolor="#FFFFFFFF" vscrollbar="true" hscrollbar="true">			
								<ListHeader name="ListACGInfoHeader" bkimage="Theme\List\list_header_bg.png" >
									<ListHeaderItem text="通道" width="150" height="40" minwidth="16"  sepwidth="1" align="center" hotimage="Theme\List\list_header_hot.png" pushedimage="Theme\List\list_header_pushed.png" sepimage="Theme\List\list_header_sep.png" />
									<ListHeaderItem text="波门" width="150" height="40" minwidth="16"  sepwidth="1" align="center" hotimage="Theme\List\list_header_hot.png" pushedimage="Theme\List\list_header_pushed.png" sepimage="Theme\List\list_header_sep.png" />
									<ListHeaderItem text="位置" width="150" height="40" minwidth="16"  sepwidth="1" align="center" hotimage="Theme\List\list_header_hot.png" pushedimage="Theme\List\list_header_pushed.png" sepimage="Theme\List\list_header_sep.png" />
									<ListHeaderItem text="波幅" height="40" minwidth="16"  sepwidth="1" align="center" hotimage="Theme\List\list_header_hot.png" pushedimage="Theme\List\list_header_pushed.png" sepimage="Theme\List\list_header_sep.png" />
								</ListHeader>
								<ListContainerElement height="20">
									<Label name="LabelChannel0" text="1" align="center" valign="center"/>
									<Label text="波门A" align="center" textcolor="0xFFFF0000"/>
									<Label name="LabelGatePos0" text="100.0mm" align="center" valign="center"/>
									<Label name="LabelGateAmp0" text="80%" align="center" valign="center"/>
								</ListContainerElement>
								<ListContainerElement height="20">
									<Label name="LabelChannel1" text="1" align="center" valign="center"/>
									<Label text="波门B" align="center" textcolor="0xFF0000FF"/>
									<Label name="LabelGatePos1" text="100.0mm" align="center" valign="center"/>
									<Label name="LabelGateAmp1" text="80%" align="center" valign="center"/>
								</ListContainerElement>
								<ListContainerElement height="20">
									<Label name="LabelChannel2" text="1" align="center" valign="center"/>
									<Label text="B峰值距A峰值" align="center"/>
									<Label name="LabelGatePosDistance" text="0.0mm" align="center" valign="center"/>
								</ListContainerElement>
								<ListContainerElement height="20">
									<Label name="LabelChannel3" text="1" align="center" valign="center"/>
									<Label text="B门检测深度" align="center"/>
									<Label name="LabelGateBDepth" text="0.0mm" align="center" valign="center"/>
								</ListContainerElement>
							</List>
						</HorizontalLayout>
						<Label text="测量显示" float="true" pos="20,0,0,0" bkcolor="0xFFFEFEFE" width="60" height="20"/>
					</HorizontalLayout>
					<HorizontalLayout inset="10,10,10,10">
						<!--波门参数-->
						<HorizontalLayout bkimage="file='Theme\Button\bkimage.png' corner='3,3,3,3'" inset="10,15,10,10">
							<HorizontalLayout width="30"/>
							<VerticalLayout>
								<HorizontalLayout height="33">
									<VerticalLayout>
										<HorizontalLayout />
										<HorizontalLayout height="28">
											<Label text="A门位:" valign="center" width="80"/>
											<Edit name="EditGatePos0" textext="%" bordersize="1" bordercolor="0x7F7F7F7F"/>
										</HorizontalLayout>
										<HorizontalLayout />
									</VerticalLayout>
									<HorizontalLayout width="10"/>
									<VerticalLayout width="16">
										<Button name="BtnSpin" userdata="EditGatePos0:0.01" clicktype="1" height="16" bkimage="file='Theme\Scrollbar\scrollbar.bmp' source='0,90,16,106' mask='#FFFF00FF'" hotimage="file='Theme\Scrollbar\scrollbar.bmp' source='18,90,34,106' mask='#FFFF00FF'" pushedimage="file='Theme\Scrollbar\scrollbar.bmp' source='36,90,52,106' mask='#FFFF00FF'"/>
										<VerticalLayout height="1" bkcolor="0xFFA0A0A0"/>
										<Button name="BtnSpin" userdata="EditGatePos0:-0.01" clicktype="1" height="16" bkimage="file='Theme\Scrollbar\scrollbar.bmp' source='0,108,16,124' mask='#FFFF00FF'" hotimage="file='Theme\Scrollbar\scrollbar.bmp' source='18,108,34,124' mask='#FFFF00FF'" pushedimage="file='Theme\Scrollbar\scrollbar.bmp' source='36,108,52,124' mask='#FFFF00FF'"/>
									</VerticalLayout>
									<HorizontalLayout width="30"/>
								</HorizontalLayout>
								<VerticalLayout height="2"/>
								<HorizontalLayout height="33">
									<VerticalLayout>
										<HorizontalLayout />
										<HorizontalLayout height="28">
											<Label text="A门宽:" valign="center" width="80"/>
											<Edit name="EditGateWidth0" textext="%" bordersize="1" bordercolor="0x7F7F7F7F"/>
										</HorizontalLayout>
										<HorizontalLayout />
									</VerticalLayout>
									<HorizontalLayout width="10"/>
									<VerticalLayout width="16">
										<Button name="BtnSpin" userdata="EditGateWidth0:0.01" clicktype="1" height="16" bkimage="file='Theme\Scrollbar\scrollbar.bmp' source='0,90,16,106' mask='#FFFF00FF'" hotimage="file='Theme\Scrollbar\scrollbar.bmp' source='18,90,34,106' mask='#FFFF00FF'" pushedimage="file='Theme\Scrollbar\scrollbar.bmp' source='36,90,52,106' mask='#FFFF00FF'"/>
										<VerticalLayout height="1" bkcolor="0xFFA0A0A0"/>
										<Button name="BtnSpin" userdata="EditGateWidth0:-0.01" clicktype="1" height="16" bkimage="file='Theme\Scrollbar\scrollbar.bmp' source='0,108,16,124' mask='#FFFF00FF'" hotimage="file='Theme\Scrollbar\scrollbar.bmp' source='18,108,34,124' mask='#FFFF00FF'" pushedimage="file='Theme\Scrollbar\scrollbar.bmp' source='36,108,52,124' mask='#FFFF00FF'"/>
									</VerticalLayout>
									<HorizontalLayout width="30"/>
								</HorizontalLayout>
								<VerticalLayout height="2"/>
								<HorizontalLayout height="33">
									<VerticalLayout>
										<HorizontalLayout />
										<HorizontalLayout height="28">
											<Label text="A门高:" valign="center" width="80"/>
											<Edit name="EditGateHeight0" textext="%" bordersize="1" bordercolor="0x7F7F7F7F"/>
										</HorizontalLayout>
										<HorizontalLayout />
									</VerticalLayout>
									<HorizontalLayout width="10"/>
									<VerticalLayout width="16">
										<Button name="BtnSpin" userdata="EditGateHeight0:0.01" clicktype="1" height="16" bkimage="file='Theme\Scrollbar\scrollbar.bmp' source='0,90,16,106' mask='#FFFF00FF'" hotimage="file='Theme\Scrollbar\scrollbar.bmp' source='18,90,34,106' mask='#FFFF00FF'" pushedimage="file='Theme\Scrollbar\scrollbar.bmp' source='36,90,52,106' mask='#FFFF00FF'"/>
										<VerticalLayout height="1" bkcolor="0xFFA0A0A0"/>
										<Button name="BtnSpin" userdata="EditGateHeight0:-0.01" clicktype="1" height="16" bkimage="file='Theme\Scrollbar\scrollbar.bmp' source='0,108,16,124' mask='#FFFF00FF'" hotimage="file='Theme\Scrollbar\scrollbar.bmp' source='18,108,34,124' mask='#FFFF00FF'" pushedimage="file='Theme\Scrollbar\scrollbar.bmp' source='36,108,52,124' mask='#FFFF00FF'"/>
									</VerticalLayout>
									<HorizontalLayout width="30"/>
								</HorizontalLayout>
							</VerticalLayout>
							<HorizontalLayout width="30"/>
							<VerticalLayout>
								<HorizontalLayout height="33">
									<VerticalLayout>
										<HorizontalLayout />
										<HorizontalLayout height="28">
											<Label text="B门位:" valign="center" width="80"/>
											<Edit name="EditGatePos1" textext="%" bordersize="1" bordercolor="0x7F7F7F7F"/>
										</HorizontalLayout>
										<HorizontalLayout />
									</VerticalLayout>
									<HorizontalLayout width="10"/>
									<VerticalLayout width="16">
										<Button name="BtnSpin" userdata="EditGatePos1:0.01" clicktype="1" height="16" bkimage="file='Theme\Scrollbar\scrollbar.bmp' source='0,90,16,106' mask='#FFFF00FF'" hotimage="file='Theme\Scrollbar\scrollbar.bmp' source='18,90,34,106' mask='#FFFF00FF'" pushedimage="file='Theme\Scrollbar\scrollbar.bmp' source='36,90,52,106' mask='#FFFF00FF'"/>
										<VerticalLayout height="1" bkcolor="0xFFA0A0A0"/>
										<Button name="BtnSpin" userdata="EditGatePos1:-0.01" clicktype="1" height="16" bkimage="file='Theme\Scrollbar\scrollbar.bmp' source='0,108,16,124' mask='#FFFF00FF'" hotimage="file='Theme\Scrollbar\scrollbar.bmp' source='18,108,34,124' mask='#FFFF00FF'" pushedimage="file='Theme\Scrollbar\scrollbar.bmp' source='36,108,52,124' mask='#FFFF00FF'"/>
									</VerticalLayout>
									<HorizontalLayout width="30"/>
								</HorizontalLayout>
								<VerticalLayout height="2"/>
								<HorizontalLayout height="33">
									<VerticalLayout>
										<HorizontalLayout />
										<HorizontalLayout height="28">
											<Label text="B门宽:" valign="center" width="80"/>
											<Edit name="EditGateWidth1" textext="%" bordersize="1" bordercolor="0x7F7F7F7F"/>
										</HorizontalLayout>
										<HorizontalLayout />
									</VerticalLayout>
									<HorizontalLayout width="10"/>
									<VerticalLayout width="16">
										<Button name="BtnSpin" userdata="EditGateWidth1:0.01" clicktype="1" height="16" bkimage="file='Theme\Scrollbar\scrollbar.bmp' source='0,90,16,106' mask='#FFFF00FF'" hotimage="file='Theme\Scrollbar\scrollbar.bmp' source='18,90,34,106' mask='#FFFF00FF'" pushedimage="file='Theme\Scrollbar\scrollbar.bmp' source='36,90,52,106' mask='#FFFF00FF'"/>
										<VerticalLayout height="1" bkcolor="0xFFA0A0A0"/>
										<Button name="BtnSpin" userdata="EditGateWidth1:-0.01" clicktype="1" height="16" bkimage="file='Theme\Scrollbar\scrollbar.bmp' source='0,108,16,124' mask='#FFFF00FF'" hotimage="file='Theme\Scrollbar\scrollbar.bmp' source='18,108,34,124' mask='#FFFF00FF'" pushedimage="file='Theme\Scrollbar\scrollbar.bmp' source='36,108,52,124' mask='#FFFF00FF'"/>
									</VerticalLayout>
									<HorizontalLayout width="30"/>
								</HorizontalLayout>
								<VerticalLayout height="2"/>
								<HorizontalLayout height="33">
									<VerticalLayout>
										<HorizontalLayout />
										<HorizontalLayout height="28">
											<Label text="B门高:" valign="center" width="80"/>
											<Edit name="EditGateHeight1" textext="%" bordersize="1" bordercolor="0x7F7F7F7F"/>
										</HorizontalLayout>
										<HorizontalLayout />
									</VerticalLayout>
									<HorizontalLayout width="10"/>
									<VerticalLayout width="16">
										<Button name="BtnSpin" userdata="EditGateHeight1:0.01" clicktype="1" height="16" bkimage="file='Theme\Scrollbar\scrollbar.bmp' source='0,90,16,106' mask='#FFFF00FF'" hotimage="file='Theme\Scrollbar\scrollbar.bmp' source='18,90,34,106' mask='#FFFF00FF'" pushedimage="file='Theme\Scrollbar\scrollbar.bmp' source='36,90,52,106' mask='#FFFF00FF'"/>
										<VerticalLayout height="1" bkcolor="0xFFA0A0A0"/>
										<Button name="BtnSpin" userdata="EditGateHeight1:-0.01" clicktype="1" height="16" bkimage="file='Theme\Scrollbar\scrollbar.bmp' source='0,108,16,124' mask='#FFFF00FF'" hotimage="file='Theme\Scrollbar\scrollbar.bmp' source='18,108,34,124' mask='#FFFF00FF'" pushedimage="file='Theme\Scrollbar\scrollbar.bmp' source='36,108,52,124' mask='#FFFF00FF'"/>
									</VerticalLayout>
									<HorizontalLayout width="30"/>
								</HorizontalLayout>
							</VerticalLayout>
							<HorizontalLayout width="30"/>
						</HorizontalLayout>
						<Label text="波门参数" float="true" pos="20,0,0,0" bkcolor="0xFFFEFEFE" width="60" height="20"/>
					</HorizontalLayout>
				</VerticalLayout>
			</VerticalLayout>
			<VerticalLayout width="300">
				<HorizontalLayout inset="10,10,10,10">
					<VerticalLayout bkimage="file='Theme\Button\bkimage.png' corner='3,3,3,3'" inset="10,15,10,10">
						<HorizontalLayout height="32" >
							<Label text="当前通道:" valign="center" width="79"/>
							<Combo name="ComboChannel" textpadding="4,1,1,1" normalimage="file='Theme\Combo\combo.png' source='0,0,100,22' corner='2,2,20,18'" hotimage="file='Theme\Combo\combo.png' source='0,22,100,44' corner='2,2,22,18'" pushedimage="file='Theme\Combo\combo.png' source='0,44,100,66' corner='2,2,22,18'" dropboxsize="0, 400">
								<ListLabelElement text="1 (1T1R)" selected="true" height="35" />
								<ListLabelElement text="2 (2T2R)" height="35" />
								<ListLabelElement text="3 (3T3R)" height="35" />
								<ListLabelElement text="4 (4T4R)" height="35" />
								<ListLabelElement text="5 (5T5R)" height="35" />
								<ListLabelElement text="6 (6T6R)" height="35" />
								<ListLabelElement text="7 (7T7R)" height="35" />
								<ListLabelElement text="8 (8T8R)" height="35" />
								<ListLabelElement text="9 (9T10R)" height="35" />
								<ListLabelElement text="10 (11T12R)" height="35" />
							</Combo>
							<HorizontalLayout width="28"/>
						</HorizontalLayout>
						<VerticalLayout height="2"/>
						<HorizontalLayout height="33">
							<VerticalLayout>
								<HorizontalLayout />
								<HorizontalLayout height="28">
									<Label text="声程:" valign="center" width="80"/>
									<Edit name="EditRange" textext="mm" bordersize="1" bordercolor="0x7F7F7F7F"/>
								</HorizontalLayout>
								<HorizontalLayout />
							</VerticalLayout>
							<HorizontalLayout width="10"/>
							<VerticalLayout width="16">
								<Button name="BtnSpin" userdata="EditRange:100.0" clicktype="1" height="16" bkimage="file='Theme\Scrollbar\scrollbar.bmp' source='0,90,16,106' mask='#FFFF00FF'" hotimage="file='Theme\Scrollbar\scrollbar.bmp' source='18,90,34,106' mask='#FFFF00FF'" pushedimage="file='Theme\Scrollbar\scrollbar.bmp' source='36,90,52,106' mask='#FFFF00FF'"/>
								<VerticalLayout height="1" bkcolor="0xFFA0A0A0"/>
								<Button name="BtnSpin" userdata="EditRange:-100.0" clicktype="1" height="16" bkimage="file='Theme\Scrollbar\scrollbar.bmp' source='0,108,16,124' mask='#FFFF00FF'" hotimage="file='Theme\Scrollbar\scrollbar.bmp' source='18,108,34,124' mask='#FFFF00FF'" pushedimage="file='Theme\Scrollbar\scrollbar.bmp' source='36,108,52,124' mask='#FFFF00FF'"/>
							</VerticalLayout>
							<HorizontalLayout width="5"/>
							<VerticalLayout width="16">
								<Button name="BtnSpin" userdata="EditRange:10.0" clicktype="1" height="16" bkimage="file='Theme\Scrollbar\scrollbar.bmp' source='0,90,16,106' mask='#FFFF00FF'" hotimage="file='Theme\Scrollbar\scrollbar.bmp' source='18,90,34,106' mask='#FFFF00FF'" pushedimage="file='Theme\Scrollbar\scrollbar.bmp' source='36,90,52,106' mask='#FFFF00FF'"/>
								<VerticalLayout height="1" bkcolor="0xFFA0A0A0"/>
								<Button name="BtnSpin" userdata="EditRange:-10.0" clicktype="1" height="16" bkimage="file='Theme\Scrollbar\scrollbar.bmp' source='0,108,16,124' mask='#FFFF00FF'" hotimage="file='Theme\Scrollbar\scrollbar.bmp' source='18,108,34,124' mask='#FFFF00FF'" pushedimage="file='Theme\Scrollbar\scrollbar.bmp' source='36,108,52,124' mask='#FFFF00FF'"/>
							</VerticalLayout>
							<HorizontalLayout width="5"/>
							<VerticalLayout width="16">
								<Button name="BtnSpin" userdata="EditRange:1.0" clicktype="1" height="16" bkimage="file='Theme\Scrollbar\scrollbar.bmp' source='0,90,16,106' mask='#FFFF00FF'" hotimage="file='Theme\Scrollbar\scrollbar.bmp' source='18,90,34,106' mask='#FFFF00FF'" pushedimage="file='Theme\Scrollbar\scrollbar.bmp' source='36,90,52,106' mask='#FFFF00FF'"/>
								<VerticalLayout height="1" bkcolor="0xFFA0A0A0"/>
								<Button name="BtnSpin" userdata="EditRange:-1.0" clicktype="1" height="16" bkimage="file='Theme\Scrollbar\scrollbar.bmp' source='0,108,16,124' mask='#FFFF00FF'" hotimage="file='Theme\Scrollbar\scrollbar.bmp' source='18,108,34,124' mask='#FFFF00FF'" pushedimage="file='Theme\Scrollbar\scrollbar.bmp' source='36,108,52,124' mask='#FFFF00FF'"/>
							</VerticalLayout>
							<HorizontalLayout width="30"/>
						</HorizontalLayout>
						<VerticalLayout height="2"/>
						<HorizontalLayout height="33">
							<VerticalLayout>
								<HorizontalLayout />
								<HorizontalLayout height="28">
									<Label text="增益:" valign="center" width="80"/>
									<Edit name="EditGain" textext="dB" bordersize="1" bordercolor="0x7F7F7F7F"/>
								</HorizontalLayout>
								<HorizontalLayout />
							</VerticalLayout>
							<HorizontalLayout width="10"/>
												<VerticalLayout width="16">
								<Button name="BtnSpin" userdata="EditGain:6.0" clicktype="1" height="16" bkimage="file='Theme\Scrollbar\scrollbar.bmp' source='0,90,16,106' mask='#FFFF00FF'" hotimage="file='Theme\Scrollbar\scrollbar.bmp' source='18,90,34,106' mask='#FFFF00FF'" pushedimage="file='Theme\Scrollbar\scrollbar.bmp' source='36,90,52,106' mask='#FFFF00FF'"/>
								<VerticalLayout height="1" bkcolor="0xFFA0A0A0"/>
								<Button name="BtnSpin" userdata="EditGain:-6.0" clicktype="1" height="16" bkimage="file='Theme\Scrollbar\scrollbar.bmp' source='0,108,16,124' mask='#FFFF00FF'" hotimage="file='Theme\Scrollbar\scrollbar.bmp' source='18,108,34,124' mask='#FFFF00FF'" pushedimage="file='Theme\Scrollbar\scrollbar.bmp' source='36,108,52,124' mask='#FFFF00FF'"/>
							</VerticalLayout>
							<HorizontalLayout width="5"/>
							<VerticalLayout width="16">
								<Button name="BtnSpin" userdata="EditGain:2.0" clicktype="1" height="16" bkimage="file='Theme\Scrollbar\scrollbar.bmp' source='0,90,16,106' mask='#FFFF00FF'" hotimage="file='Theme\Scrollbar\scrollbar.bmp' source='18,90,34,106' mask='#FFFF00FF'" pushedimage="file='Theme\Scrollbar\scrollbar.bmp' source='36,90,52,106' mask='#FFFF00FF'"/>
								<VerticalLayout height="1" bkcolor="0xFFA0A0A0"/>
								<Button name="BtnSpin" userdata="EditGain:-2.0" clicktype="1" height="16" bkimage="file='Theme\Scrollbar\scrollbar.bmp' source='0,108,16,124' mask='#FFFF00FF'" hotimage="file='Theme\Scrollbar\scrollbar.bmp' source='18,108,34,124' mask='#FFFF00FF'" pushedimage="file='Theme\Scrollbar\scrollbar.bmp' source='36,108,52,124' mask='#FFFF00FF'"/>
							</VerticalLayout>
							<HorizontalLayout width="5"/>
							<VerticalLayout width="16">
								<Button name="BtnSpin" userdata="EditGain:0.1" clicktype="1" height="16" bkimage="file='Theme\Scrollbar\scrollbar.bmp' source='0,90,16,106' mask='#FFFF00FF'" hotimage="file='Theme\Scrollbar\scrollbar.bmp' source='18,90,34,106' mask='#FFFF00FF'" pushedimage="file='Theme\Scrollbar\scrollbar.bmp' source='36,90,52,106' mask='#FFFF00FF'"/>
								<VerticalLayout height="1" bkcolor="0xFFA0A0A0"/>
								<Button name="BtnSpin" userdata="EditGain:-0.1" clicktype="1" height="16" bkimage="file='Theme\Scrollbar\scrollbar.bmp' source='0,108,16,124' mask='#FFFF00FF'" hotimage="file='Theme\Scrollbar\scrollbar.bmp' source='18,108,34,124' mask='#FFFF00FF'" pushedimage="file='Theme\Scrollbar\scrollbar.bmp' source='36,108,52,124' mask='#FFFF00FF'"/>
							</VerticalLayout>
							<HorizontalLayout width="30"/>
						</HorizontalLayout>
						<VerticalLayout height="2"/>
						<HorizontalLayout height="33">
							<VerticalLayout>
								<HorizontalLayout />
								<HorizontalLayout height="28">
									<Label text="声速:" valign="center" width="80"/>
									<Edit name="EditVelocity" textext="m/s" bordersize="1" bordercolor="0x7F7F7F7F"/>
								</HorizontalLayout>
								<HorizontalLayout />
							</VerticalLayout>
							<HorizontalLayout width="10"/>
							<VerticalLayout width="16">
								<Button name="BtnSpin" userdata="EditVelocity:1000.0" clicktype="1" height="16" bkimage="file='Theme\Scrollbar\scrollbar.bmp' source='0,90,16,106' mask='#FFFF00FF'" hotimage="file='Theme\Scrollbar\scrollbar.bmp' source='18,90,34,106' mask='#FFFF00FF'" pushedimage="file='Theme\Scrollbar\scrollbar.bmp' source='36,90,52,106' mask='#FFFF00FF'"/>
								<VerticalLayout height="1" bkcolor="0xFFA0A0A0"/>
								<Button name="BtnSpin" userdata="EditVelocity:-1000.0" clicktype="1" height="16" bkimage="file='Theme\Scrollbar\scrollbar.bmp' source='0,108,16,124' mask='#FFFF00FF'" hotimage="file='Theme\Scrollbar\scrollbar.bmp' source='18,108,34,124' mask='#FFFF00FF'" pushedimage="file='Theme\Scrollbar\scrollbar.bmp' source='36,108,52,124' mask='#FFFF00FF'"/>
							</VerticalLayout>
							<HorizontalLayout width="5"/>
							<VerticalLayout width="16">
								<Button name="BtnSpin" userdata="EditVelocity:100.0" clicktype="1" height="16" bkimage="file='Theme\Scrollbar\scrollbar.bmp' source='0,90,16,106' mask='#FFFF00FF'" hotimage="file='Theme\Scrollbar\scrollbar.bmp' source='18,90,34,106' mask='#FFFF00FF'" pushedimage="file='Theme\Scrollbar\scrollbar.bmp' source='36,90,52,106' mask='#FFFF00FF'"/>
								<VerticalLayout height="1" bkcolor="0xFFA0A0A0"/>
								<Button name="BtnSpin" userdata="EditVelocity:-100.0" clicktype="1" height="16" bkimage="file='Theme\Scrollbar\scrollbar.bmp' source='0,108,16,124' mask='#FFFF00FF'" hotimage="file='Theme\Scrollbar\scrollbar.bmp' source='18,108,34,124' mask='#FFFF00FF'" pushedimage="file='Theme\Scrollbar\scrollbar.bmp' source='36,108,52,124' mask='#FFFF00FF'"/>
							</VerticalLayout>
							<HorizontalLayout width="5"/>
							<VerticalLayout width="16">
								<Button name="BtnSpin" userdata="EditVelocity:10.0" clicktype="1" height="16" bkimage="file='Theme\Scrollbar\scrollbar.bmp' source='0,90,16,106' mask='#FFFF00FF'" hotimage="file='Theme\Scrollbar\scrollbar.bmp' source='18,90,34,106' mask='#FFFF00FF'" pushedimage="file='Theme\Scrollbar\scrollbar.bmp' source='36,90,52,106' mask='#FFFF00FF'"/>
								<VerticalLayout height="1" bkcolor="0xFFA0A0A0"/>
								<Button name="BtnSpin" userdata="EditVelocity:-10.0" clicktype="1" height="16" bkimage="file='Theme\Scrollbar\scrollbar.bmp' source='0,108,16,124' mask='#FFFF00FF'" hotimage="file='Theme\Scrollbar\scrollbar.bmp' source='18,108,34,124' mask='#FFFF00FF'" pushedimage="file='Theme\Scrollbar\scrollbar.bmp' source='36,108,52,124' mask='#FFFF00FF'"/>
							</VerticalLayout>
							<HorizontalLayout width="30"/>
						</HorizontalLayout>
						<VerticalLayout height="2"/>
						<HorizontalLayout height="33">
							<VerticalLayout>
								<HorizontalLayout />
								<HorizontalLayout height="28">
									<Label text="延时:" valign="center" width="80"/>
									<Edit name="EditDelay" textext="mm" bordersize="1" bordercolor="0x7F7F7F7F"/>
								</HorizontalLayout>
								<HorizontalLayout />
							</VerticalLayout>
							<HorizontalLayout width="10"/>
							<VerticalLayout width="16">
								<Button name="BtnSpin" userdata="EditDelay:1.0" clicktype="1" height="16" bkimage="file='Theme\Scrollbar\scrollbar.bmp' source='0,90,16,106' mask='#FFFF00FF'" hotimage="file='Theme\Scrollbar\scrollbar.bmp' source='18,90,34,106' mask='#FFFF00FF'" pushedimage="file='Theme\Scrollbar\scrollbar.bmp' source='36,90,52,106' mask='#FFFF00FF'"/>
								<VerticalLayout height="1" bkcolor="0xFFA0A0A0"/>
								<Button name="BtnSpin" userdata="EditDelay:-1.0" clicktype="1" height="16" bkimage="file='Theme\Scrollbar\scrollbar.bmp' source='0,108,16,124' mask='#FFFF00FF'" hotimage="file='Theme\Scrollbar\scrollbar.bmp' source='18,108,34,124' mask='#FFFF00FF'" pushedimage="file='Theme\Scrollbar\scrollbar.bmp' source='36,108,52,124' mask='#FFFF00FF'"/>
							</VerticalLayout>
							<HorizontalLayout width="5"/>
							<VerticalLayout width="16">
								<Button name="BtnSpin" userdata="EditDelay:0.1" clicktype="1" height="16" bkimage="file='Theme\Scrollbar\scrollbar.bmp' source='0,90,16,106' mask='#FFFF00FF'" hotimage="file='Theme\Scrollbar\scrollbar.bmp' source='18,90,34,106' mask='#FFFF00FF'" pushedimage="file='Theme\Scrollbar\scrollbar.bmp' source='36,90,52,106' mask='#FFFF00FF'"/>
								<VerticalLayout height="1" bkcolor="0xFFA0A0A0"/>
								<Button name="BtnSpin" userdata="EditDelay:-0.1" clicktype="1" height="16" bkimage="file='Theme\Scrollbar\scrollbar.bmp' source='0,108,16,124' mask='#FFFF00FF'" hotimage="file='Theme\Scrollbar\scrollbar.bmp' source='18,108,34,124' mask='#FFFF00FF'" pushedimage="file='Theme\Scrollbar\scrollbar.bmp' source='36,108,52,124' mask='#FFFF00FF'"/>
							</VerticalLayout>
							<HorizontalLayout width="30"/>
						</HorizontalLayout>
						<VerticalLayout height="2"/>
						<HorizontalLayout height="33">
							<VerticalLayout>
								<HorizontalLayout />
								<HorizontalLayout height="28">
									<Label text="零点:" valign="center" width="80"/>
									<Edit name="EditOffset" textext="us" bordersize="1" bordercolor="0x7F7F7F7F"/>
								</HorizontalLayout>
								<HorizontalLayout />
							</VerticalLayout>
							<HorizontalLayout width="10"/>
							<VerticalLayout width="16">
								<Button name="BtnSpin" userdata="EditOffset:0.1" clicktype="1" height="16" bkimage="file='Theme\Scrollbar\scrollbar.bmp' source='0,90,16,106' mask='#FFFF00FF'" hotimage="file='Theme\Scrollbar\scrollbar.bmp' source='18,90,34,106' mask='#FFFF00FF'" pushedimage="file='Theme\Scrollbar\scrollbar.bmp' source='36,90,52,106' mask='#FFFF00FF'"/>
								<VerticalLayout height="1" bkcolor="0xFFA0A0A0"/>
								<Button name="BtnSpin" userdata="EditOffset:-0.1" clicktype="1" height="16" bkimage="file='Theme\Scrollbar\scrollbar.bmp' source='0,108,16,124' mask='#FFFF00FF'" hotimage="file='Theme\Scrollbar\scrollbar.bmp' source='18,108,34,124' mask='#FFFF00FF'" pushedimage="file='Theme\Scrollbar\scrollbar.bmp' source='36,108,52,124' mask='#FFFF00FF'"/>
							</VerticalLayout>
							<HorizontalLayout width="5"/>
							<VerticalLayout width="16">
								<Button name="BtnSpin" userdata="EditOffset:0.01" clicktype="1" height="16" bkimage="file='Theme\Scrollbar\scrollbar.bmp' source='0,90,16,106' mask='#FFFF00FF'" hotimage="file='Theme\Scrollbar\scrollbar.bmp' source='18,90,34,106' mask='#FFFF00FF'" pushedimage="file='Theme\Scrollbar\scrollbar.bmp' source='36,90,52,106' mask='#FFFF00FF'"/>
								<VerticalLayout height="1" bkcolor="0xFFA0A0A0"/>
								<Button name="BtnSpin" userdata="EditOffset:-0.01" clicktype="1" height="16" bkimage="file='Theme\Scrollbar\scrollbar.bmp' source='0,108,16,124' mask='#FFFF00FF'" hotimage="file='Theme\Scrollbar\scrollbar.bmp' source='18,108,34,124' mask='#FFFF00FF'" pushedimage="file='Theme\Scrollbar\scrollbar.bmp' source='36,108,52,124' mask='#FFFF00FF'"/>
							</VerticalLayout>
							<HorizontalLayout width="30"/>
						</HorizontalLayout>
						<VerticalLayout height="2"/>
						<HorizontalLayout height="32" >
							<Label text="滤波频带:" valign="center" width="79"/>
							<Combo name="ComboFilter" textpadding="4,1,1,1" normalimage="file='Theme\Combo\combo.png' source='0,0,100,22' corner='2,2,20,18'" hotimage="file='Theme\Combo\combo.png' source='0,22,100,44' corner='2,2,22,18'" pushedimage="file='Theme\Combo\combo.png' source='0,44,100,66' corner='2,2,22,18'" dropboxsize="0, 400">
								<ListLabelElement text="1.5MHz-4.2MHz" selected="true" height="35" />
								<ListLabelElement text="4.3MHz-7.1MHz" height="35" />
								<ListLabelElement text="8.7MHz-11.6MHz" height="35" />
								<ListLabelElement text="0.3MHz-17MHz" height="35" />
								<ListLabelElement text="0.5MHz-5.5MHz" height="35" />
								<ListLabelElement text="2.2MHz-9.4MHz" height="35" />

							</Combo>
							<HorizontalLayout width="28"/>
						</HorizontalLayout>
						<VerticalLayout height="2"/>
						<HorizontalLayout height="32" >
							<Label text="检波方式:" valign="center" width="79"/>
							<Combo name="ComboDemodu" textpadding="4,1,1,1" normalimage="file='Theme\Combo\combo.png' source='0,0,100,22' corner='2,2,20,18'" hotimage="file='Theme\Combo\combo.png' source='0,22,100,44' corner='2,2,22,18'" pushedimage="file='Theme\Combo\combo.png' source='0,44,100,66' corner='2,2,22,18'" dropboxsize="0, 400">
								<ListLabelElement text="射频" selected="true" height="35" />
								<ListLabelElement text="全波" height="35" />
								<ListLabelElement text="正半波" height="35" />
								<ListLabelElement text="负半波" height="35" />
							</Combo>
							<HorizontalLayout width="28"/>
						</HorizontalLayout>
												<VerticalLayout height="2"/>
						<HorizontalLayout height="32" visible ="false">
							<Label text="通道类型:" valign="center" width="79"/>
							<Combo name="ComboChFlag" textpadding="4,1,1,1" normalimage="file='Theme\Combo\combo.png' source='0,0,100,22' corner='2,2,20,18'" hotimage="file='Theme\Combo\combo.png' source='0,22,100,44' corner='2,2,22,18'" pushedimage="file='Theme\Combo\combo.png' source='0,44,100,66' corner='2,2,22,18'" dropboxsize="0, 400">
								<ListLabelElement text="单晶" selected="true" height="35" />
								<ListLabelElement text="双晶" height="35" />
							
							</Combo>
							<HorizontalLayout width="28"/>
						</HorizontalLayout>
					</VerticalLayout>
					<Label text="通道设置" float="true" pos="20,0,0,0" bkcolor="0xFFFEFEFE" width="60" height="20"/>
				</HorizontalLayout>
				<HorizontalLayout inset="10,10,10,10">
					<VerticalLayout bkimage="file='Theme\Button\bkimage.png' corner='3,3,3,3'" inset="10,15,10,10">
						<HorizontalLayout height="33">
							<VerticalLayout>
								<HorizontalLayout />
								<HorizontalLayout height="28">
									<Label text="重复频率:" valign="center" width="80"/>
									<Edit name="EditFrequency" textext="Hz" bordersize="1" bordercolor="0x7F7F7F7F"/>
								</HorizontalLayout>
								<HorizontalLayout />
							</VerticalLayout>
							<HorizontalLayout width="10"/>
							<VerticalLayout width="16">
								<Button name="BtnSpin" userdata="EditFrequency:100.0" clicktype="1" height="16" bkimage="file='Theme\Scrollbar\scrollbar.bmp' source='0,90,16,106' mask='#FFFF00FF'" hotimage="file='Theme\Scrollbar\scrollbar.bmp' source='18,90,34,106' mask='#FFFF00FF'" pushedimage="file='Theme\Scrollbar\scrollbar.bmp' source='36,90,52,106' mask='#FFFF00FF'"/>
								<VerticalLayout height="1" bkcolor="0xFFA0A0A0"/>
								<Button name="BtnSpin" userdata="EditFrequency:-100.0" clicktype="1" height="16" bkimage="file='Theme\Scrollbar\scrollbar.bmp' source='0,108,16,124' mask='#FFFF00FF'" hotimage="file='Theme\Scrollbar\scrollbar.bmp' source='18,108,34,124' mask='#FFFF00FF'" pushedimage="file='Theme\Scrollbar\scrollbar.bmp' source='36,108,52,124' mask='#FFFF00FF'"/>
							</VerticalLayout>
							<HorizontalLayout width="30"/>
						</HorizontalLayout>
						<VerticalLayout height="2"/>
						<HorizontalLayout height="33">
							<VerticalLayout>
								<HorizontalLayout />
								<HorizontalLayout height="28">
									<Label text="脉冲宽度:" valign="center" width="80"/>
									<Edit name="EditPulseWidth" textext="ns" bordersize="1" bordercolor="0x7F7F7F7F"/>
								</HorizontalLayout>
								<HorizontalLayout />
							</VerticalLayout>
							<HorizontalLayout width="10"/>
							<VerticalLayout width="16">
								<Button name="BtnSpin" userdata="EditPulseWidth:10.0" clicktype="1" height="16" bkimage="file='Theme\Scrollbar\scrollbar.bmp' source='0,90,16,106' mask='#FFFF00FF'" hotimage="file='Theme\Scrollbar\scrollbar.bmp' source='18,90,34,106' mask='#FFFF00FF'" pushedimage="file='Theme\Scrollbar\scrollbar.bmp' source='36,90,52,106' mask='#FFFF00FF'"/>
								<VerticalLayout height="1" bkcolor="0xFFA0A0A0"/>
								<Button name="BtnSpin" userdata="EditPulseWidth:-10.0" clicktype="1" height="16" bkimage="file='Theme\Scrollbar\scrollbar.bmp' source='0,108,16,124' mask='#FFFF00FF'" hotimage="file='Theme\Scrollbar\scrollbar.bmp' source='18,108,34,124' mask='#FFFF00FF'" pushedimage="file='Theme\Scrollbar\scrollbar.bmp' source='36,108,52,124' mask='#FFFF00FF'"/>
							</VerticalLayout>
							<HorizontalLayout width="30"/>
						</HorizontalLayout>
						
						<VerticalLayout height="2"/>
						<HorizontalLayout height="32" visible ="false">
							<Label text="脉冲宽度:" valign="center" width="79"/>
							<Combo name="ComboPulseWidth" textpadding="4,1,1,1" normalimage="file='Theme\Combo\combo.png' source='0,0,100,22' corner='2,2,20,18'" hotimage="file='Theme\Combo\combo.png' source='0,22,100,44' corner='2,2,22,18'" pushedimage="file='Theme\Combo\combo.png' source='0,44,100,66' corner='2,2,22,18'" dropboxsize="0, 400">
								<ListLabelElement text="窄" selected="true" height="35" />
								<ListLabelElement text="宽" height="35" />
							</Combo>
							<HorizontalLayout width="28"/>
						</HorizontalLayout>
						<VerticalLayout height="2"/>
						<HorizontalLayout height="32" >
							<Label text="发射电压:" valign="center" width="79"/>
							<Combo name="ComboVoltage" textpadding="4,1,1,1" normalimage="file='Theme\Combo\combo.png' source='0,0,100,22' corner='2,2,20,18'" hotimage="file='Theme\Combo\combo.png' source='0,22,100,44' corner='2,2,22,18'" pushedimage="file='Theme\Combo\combo.png' source='0,44,100,66' corner='2,2,22,18'" dropboxsize="0, 400">
								<ListLabelElement text="低压" selected="true" height="35" />
								<ListLabelElement text="中压" height="35" />
								<ListLabelElement text="高压" height="35" />
							</Combo>
							<HorizontalLayout width="28"/>
						</HorizontalLayout>
						<VerticalLayout height="5"/>
						<HorizontalLayout height="28" visible ="false">
							<Label text="FPGA:" valign="center" width="80"/>
							<Edit name="EditIP_FPGA" bordersize="1" bordercolor="0x7F7F7F7F"/>
							<VerticalLayout width="2"/>
							<Edit name="EditPORT_FPGA" bordersize="1" bordercolor="0x7F7F7F7F" width="44"/>
							<HorizontalLayout width="30"/>
						</HorizontalLayout>
						<VerticalLayout height="2"/>
						<HorizontalLayout height="28" visible ="false">
							<Label text="PC:" valign="center" width="80"/>
							<Edit name="EditIP_PC" bordersize="1" bordercolor="0x7F7F7F7F"/>
							<VerticalLayout width="2"/>
							<Edit name="EditPORT_PC" bordersize="1" bordercolor="0x7F7F7F7F" width="44"/>
							<HorizontalLayout width="30"/>
						</HorizontalLayout>
												
					
							<VerticalLayout height="5"/>

					<HorizontalLayout  height="28" visible ="false" inset="0,0,0,0">

						<VerticalLayout width="5"/>
						<Button name="BtnLocalIp"  height="30" text="设置本机IP" />
						<VerticalLayout width="10"/>
						<Button name="BtnFPGA"   height="30" text="设置超声IP"  />
						<VerticalLayout width="30"/>

					</HorizontalLayout>
					<HorizontalLayout ></HorizontalLayout>
					<VerticalLayout height="2"/>
						<HorizontalLayout height="32" >
							<Label text="当前工艺:" valign="center" width="79"/>
						<Label text="" name="LabelSelectTech" valign="center" bordersize="1" bordercolor="0x7F7F7F7F"/>
							<HorizontalLayout width="28"/>
						</HorizontalLayout>							
					</VerticalLayout>
					<Label text="系统参数" float="true" pos="20,0,0,0" bkcolor="0xFFFEFEFE" width="60" height="20"/>
				</HorizontalLayout>
			</VerticalLayout>
			<VerticalLayout width="300">
			
					<HorizontalLayout inset="10,10,10,10">
					<VerticalLayout bkimage="file='Theme\Button\bkimage.png' corner='3,3,3,3'" inset="10,15,10,10">
					
											<VerticalLayout height="2"/>
						<HorizontalLayout height="33">
							<VerticalLayout>
								<HorizontalLayout />
								<HorizontalLayout height="28">
									<Label text="探伤灵敏度:" valign="center" width="80"/>
									<Edit name="EditScanGain" textext="dB" bordersize="1" bordercolor="0x7F7F7F7F"/>
								</HorizontalLayout>
								<HorizontalLayout />
							</VerticalLayout>
							<HorizontalLayout width="10"/>
												<VerticalLayout width="16">
								<Button name="BtnSpin" userdata="EditScanGain:6.0" clicktype="1" height="16" bkimage="file='Theme\Scrollbar\scrollbar.bmp' source='0,90,16,106' mask='#FFFF00FF'" hotimage="file='Theme\Scrollbar\scrollbar.bmp' source='18,90,34,106' mask='#FFFF00FF'" pushedimage="file='Theme\Scrollbar\scrollbar.bmp' source='36,90,52,106' mask='#FFFF00FF'"/>
								<VerticalLayout height="1" bkcolor="0xFFA0A0A0"/>
								<Button name="BtnSpin" userdata="EditScanGain:-6.0" clicktype="1" height="16" bkimage="file='Theme\Scrollbar\scrollbar.bmp' source='0,108,16,124' mask='#FFFF00FF'" hotimage="file='Theme\Scrollbar\scrollbar.bmp' source='18,108,34,124' mask='#FFFF00FF'" pushedimage="file='Theme\Scrollbar\scrollbar.bmp' source='36,108,52,124' mask='#FFFF00FF'"/>
							</VerticalLayout>
							<HorizontalLayout width="5"/>
							<VerticalLayout width="16">
								<Button name="BtnSpin" userdata="EditScanGain:2.0" clicktype="1" height="16" bkimage="file='Theme\Scrollbar\scrollbar.bmp' source='0,90,16,106' mask='#FFFF00FF'" hotimage="file='Theme\Scrollbar\scrollbar.bmp' source='18,90,34,106' mask='#FFFF00FF'" pushedimage="file='Theme\Scrollbar\scrollbar.bmp' source='36,90,52,106' mask='#FFFF00FF'"/>
								<VerticalLayout height="1" bkcolor="0xFFA0A0A0"/>
								<Button name="BtnSpin" userdata="EditScanGain:-2.0" clicktype="1" height="16" bkimage="file='Theme\Scrollbar\scrollbar.bmp' source='0,108,16,124' mask='#FFFF00FF'" hotimage="file='Theme\Scrollbar\scrollbar.bmp' source='18,108,34,124' mask='#FFFF00FF'" pushedimage="file='Theme\Scrollbar\scrollbar.bmp' source='36,108,52,124' mask='#FFFF00FF'"/>
							</VerticalLayout>
							<HorizontalLayout width="5"/>
							<VerticalLayout width="16">
								<Button name="BtnSpin" userdata="EditScanGain:0.1" clicktype="1" height="16" bkimage="file='Theme\Scrollbar\scrollbar.bmp' source='0,90,16,106' mask='#FFFF00FF'" hotimage="file='Theme\Scrollbar\scrollbar.bmp' source='18,90,34,106' mask='#FFFF00FF'" pushedimage="file='Theme\Scrollbar\scrollbar.bmp' source='36,90,52,106' mask='#FFFF00FF'"/>
								<VerticalLayout height="1" bkcolor="0xFFA0A0A0"/>
								<Button name="BtnSpin" userdata="EditScanGain:-0.1" clicktype="1" height="16" bkimage="file='Theme\Scrollbar\scrollbar.bmp' source='0,108,16,124' mask='#FFFF00FF'" hotimage="file='Theme\Scrollbar\scrollbar.bmp' source='18,108,34,124' mask='#FFFF00FF'" pushedimage="file='Theme\Scrollbar\scrollbar.bmp' source='36,108,52,124' mask='#FFFF00FF'"/>
							</VerticalLayout>
							<HorizontalLayout width="30"/>
						</HorizontalLayout>
						
						<VerticalLayout height="2"/>
						<HorizontalLayout height="33">
							<VerticalLayout>
								<HorizontalLayout />
								<HorizontalLayout height="28">
									<Label text="探伤补偿:" valign="center" width="80"/>
									<Edit name="EditScanCompensate" textext="dB" bordersize="1" bordercolor="0x7F7F7F7F"/>
								</HorizontalLayout>
								<HorizontalLayout />
							</VerticalLayout>
							<HorizontalLayout width="10"/>
				
							<VerticalLayout width="16">
								<Button name="BtnSpin" userdata="EditScanCompensate:2.0" clicktype="1" height="16" bkimage="file='Theme\Scrollbar\scrollbar.bmp' source='0,90,16,106' mask='#FFFF00FF'" hotimage="file='Theme\Scrollbar\scrollbar.bmp' source='18,90,34,106' mask='#FFFF00FF'" pushedimage="file='Theme\Scrollbar\scrollbar.bmp' source='36,90,52,106' mask='#FFFF00FF'"/>
								<VerticalLayout height="1" bkcolor="0xFFA0A0A0"/>
								<Button name="BtnSpin" userdata="EditScanCompensate:-2.0" clicktype="1" height="16" bkimage="file='Theme\Scrollbar\scrollbar.bmp' source='0,108,16,124' mask='#FFFF00FF'" hotimage="file='Theme\Scrollbar\scrollbar.bmp' source='18,108,34,124' mask='#FFFF00FF'" pushedimage="file='Theme\Scrollbar\scrollbar.bmp' source='36,108,52,124' mask='#FFFF00FF'"/>
							</VerticalLayout>
							<HorizontalLayout width="5"/>
							<VerticalLayout width="16">
								<Button name="BtnSpin" userdata="EditScanCompensate:0.1" clicktype="1" height="16" bkimage="file='Theme\Scrollbar\scrollbar.bmp' source='0,90,16,106' mask='#FFFF00FF'" hotimage="file='Theme\Scrollbar\scrollbar.bmp' source='18,90,34,106' mask='#FFFF00FF'" pushedimage="file='Theme\Scrollbar\scrollbar.bmp' source='36,90,52,106' mask='#FFFF00FF'"/>
								<VerticalLayout height="1" bkcolor="0xFFA0A0A0"/>
								<Button name="BtnSpin" userdata="EditScanCompensate:-0.1" clicktype="1" height="16" bkimage="file='Theme\Scrollbar\scrollbar.bmp' source='0,108,16,124' mask='#FFFF00FF'" hotimage="file='Theme\Scrollbar\scrollbar.bmp' source='18,108,34,124' mask='#FFFF00FF'" pushedimage="file='Theme\Scrollbar\scrollbar.bmp' source='36,108,52,124' mask='#FFFF00FF'"/>
							</VerticalLayout>
							<HorizontalLayout width="30"/>
						</HorizontalLayout>
						
						
											<VerticalLayout height="2"/>
						<HorizontalLayout height="33" name ="LayTrUTGain">
							<VerticalLayout>
								<HorizontalLayout />
								<HorizontalLayout height="28">
									<Label text="透声灵敏度:" valign="center" width="80"/>
									<Edit name="EditTrUTGain" textext="dB" bordersize="1" bordercolor="0x7F7F7F7F"/>
								</HorizontalLayout>
								<HorizontalLayout />
							</VerticalLayout>
							<HorizontalLayout width="10"/>
												<VerticalLayout width="16">
								<Button name="BtnSpin" userdata="EditTrUTGain:6.0" clicktype="1" height="16" bkimage="file='Theme\Scrollbar\scrollbar.bmp' source='0,90,16,106' mask='#FFFF00FF'" hotimage="file='Theme\Scrollbar\scrollbar.bmp' source='18,90,34,106' mask='#FFFF00FF'" pushedimage="file='Theme\Scrollbar\scrollbar.bmp' source='36,90,52,106' mask='#FFFF00FF'"/>
								<VerticalLayout height="1" bkcolor="0xFFA0A0A0"/>
								<Button name="BtnSpin" userdata="EditTrUTGain:-6.0" clicktype="1" height="16" bkimage="file='Theme\Scrollbar\scrollbar.bmp' source='0,108,16,124' mask='#FFFF00FF'" hotimage="file='Theme\Scrollbar\scrollbar.bmp' source='18,108,34,124' mask='#FFFF00FF'" pushedimage="file='Theme\Scrollbar\scrollbar.bmp' source='36,108,52,124' mask='#FFFF00FF'"/>
							</VerticalLayout>
							<HorizontalLayout width="5"/>
							<VerticalLayout width="16">
								<Button name="BtnSpin" userdata="EditTrUTGain:2.0" clicktype="1" height="16" bkimage="file='Theme\Scrollbar\scrollbar.bmp' source='0,90,16,106' mask='#FFFF00FF'" hotimage="file='Theme\Scrollbar\scrollbar.bmp' source='18,90,34,106' mask='#FFFF00FF'" pushedimage="file='Theme\Scrollbar\scrollbar.bmp' source='36,90,52,106' mask='#FFFF00FF'"/>
								<VerticalLayout height="1" bkcolor="0xFFA0A0A0"/>
								<Button name="BtnSpin" userdata="EditTrUTGain:-2.0" clicktype="1" height="16" bkimage="file='Theme\Scrollbar\scrollbar.bmp' source='0,108,16,124' mask='#FFFF00FF'" hotimage="file='Theme\Scrollbar\scrollbar.bmp' source='18,108,34,124' mask='#FFFF00FF'" pushedimage="file='Theme\Scrollbar\scrollbar.bmp' source='36,108,52,124' mask='#FFFF00FF'"/>
							</VerticalLayout>
							<HorizontalLayout width="5"/>
							<VerticalLayout width="16">
								<Button name="BtnSpin" userdata="EditTrUTGain:0.1" clicktype="1" height="16" bkimage="file='Theme\Scrollbar\scrollbar.bmp' source='0,90,16,106' mask='#FFFF00FF'" hotimage="file='Theme\Scrollbar\scrollbar.bmp' source='18,90,34,106' mask='#FFFF00FF'" pushedimage="file='Theme\Scrollbar\scrollbar.bmp' source='36,90,52,106' mask='#FFFF00FF'"/>
								<VerticalLayout height="1" bkcolor="0xFFA0A0A0"/>
								<Button name="BtnSpin" userdata="EditTrUTGain:-0.1" clicktype="1" height="16" bkimage="file='Theme\Scrollbar\scrollbar.bmp' source='0,108,16,124' mask='#FFFF00FF'" hotimage="file='Theme\Scrollbar\scrollbar.bmp' source='18,108,34,124' mask='#FFFF00FF'" pushedimage="file='Theme\Scrollbar\scrollbar.bmp' source='36,108,52,124' mask='#FFFF00FF'"/>
							</VerticalLayout>
							<HorizontalLayout width="30"/>
						</HorizontalLayout>
						
						<VerticalLayout height="2"/>
						<HorizontalLayout height="33" name ="LayTrUTtcompensate">
							<VerticalLayout>
								<HorizontalLayout />
								<HorizontalLayout height="28">
									<Label text="透声补偿:" valign="center" width="80"/>
									<Edit name="EditTrUtcompensate" textext="dB" bordersize="1" bordercolor="0x7F7F7F7F"/>
								</HorizontalLayout>
								<HorizontalLayout />
							</VerticalLayout>
							<HorizontalLayout width="10"/>
				
							<VerticalLayout width="16">
								<Button name="BtnSpin" userdata="EditTrUtcompensate:2.0" clicktype="1" height="16" bkimage="file='Theme\Scrollbar\scrollbar.bmp' source='0,90,16,106' mask='#FFFF00FF'" hotimage="file='Theme\Scrollbar\scrollbar.bmp' source='18,90,34,106' mask='#FFFF00FF'" pushedimage="file='Theme\Scrollbar\scrollbar.bmp' source='36,90,52,106' mask='#FFFF00FF'"/>
								<VerticalLayout height="1" bkcolor="0xFFA0A0A0"/>
								<Button name="BtnSpin" userdata="EditTrUtcompensate:-2.0" clicktype="1" height="16" bkimage="file='Theme\Scrollbar\scrollbar.bmp' source='0,108,16,124' mask='#FFFF00FF'" hotimage="file='Theme\Scrollbar\scrollbar.bmp' source='18,108,34,124' mask='#FFFF00FF'" pushedimage="file='Theme\Scrollbar\scrollbar.bmp' source='36,108,52,124' mask='#FFFF00FF'"/>
							</VerticalLayout>
							<HorizontalLayout width="5"/>
							<VerticalLayout width="16">
								<Button name="BtnSpin" userdata="EditTrUtcompensate:0.1" clicktype="1" height="16" bkimage="file='Theme\Scrollbar\scrollbar.bmp' source='0,90,16,106' mask='#FFFF00FF'" hotimage="file='Theme\Scrollbar\scrollbar.bmp' source='18,90,34,106' mask='#FFFF00FF'" pushedimage="file='Theme\Scrollbar\scrollbar.bmp' source='36,90,52,106' mask='#FFFF00FF'"/>
								<VerticalLayout height="1" bkcolor="0xFFA0A0A0"/>
								<Button name="BtnSpin" userdata="EditTrUtcompensate:-0.1" clicktype="1" height="16" bkimage="file='Theme\Scrollbar\scrollbar.bmp' source='0,108,16,124' mask='#FFFF00FF'" hotimage="file='Theme\Scrollbar\scrollbar.bmp' source='18,108,34,124' mask='#FFFF00FF'" pushedimage="file='Theme\Scrollbar\scrollbar.bmp' source='36,108,52,124' mask='#FFFF00FF'"/>
							</VerticalLayout>
							<HorizontalLayout width="30"/>
						</HorizontalLayout>
						
				<HorizontalLayout ></HorizontalLayout>
						<VerticalLayout height="5"/>

						<HorizontalLayout  height="28" inset="0,0,0,0">
							<VerticalLayout width="10"/>
							<Button name="BtnDACSet"   height="30" text="DAC设置"  />
							<VerticalLayout width="30"/>
						</HorizontalLayout>
					
					</VerticalLayout>
					<Label text="探伤设置" float="true" pos="20,0,0,0" bkcolor="0xFFFEFEFE" width="60" height="20"/>
				</HorizontalLayout>
			
			          
				
				<HorizontalLayout inset="10,10,10,10">
					<VerticalLayout bkimage="file='Theme\Button\bkimage.png' corner='3,3,3,3'" inset="10,15,10,10">
						<HorizontalLayout height="33">
							<VerticalLayout>
								<HorizontalLayout />
								<HorizontalLayout height="28">
									<Label text="车轮名称:" valign="center" width="100"/>
									<Edit name="EditWheelName" bordersize="1" bordercolor="0x7F7F7F7F"/>
								</HorizontalLayout>
								<HorizontalLayout />
							</VerticalLayout>
							<HorizontalLayout width="30"/>
						</HorizontalLayout>
						<VerticalLayout height="2"/>
						<HorizontalLayout height="33">
							<VerticalLayout>
								<HorizontalLayout />
								<HorizontalLayout height="28">
									<Label text="车轮型号:" valign="center" width="100"/>
									<Edit name="EditWheelModel" bordersize="1" bordercolor="0x7F7F7F7F"/>
								</HorizontalLayout>
								<HorizontalLayout />
							</VerticalLayout>
							<HorizontalLayout width="30"/>
						</HorizontalLayout>
						<VerticalLayout height="2"/>
						<HorizontalLayout height="33">
							<VerticalLayout>
								<HorizontalLayout />
								<HorizontalLayout height="28">
									<Label text="探伤标准:" valign="center" width="100"/>
									<Edit name="EditDetectionStd" bordersize="1" bordercolor="0x7F7F7F7F"/>
								</HorizontalLayout>
								<HorizontalLayout />
							</VerticalLayout>
							<HorizontalLayout width="30"/>
						</HorizontalLayout>
						
						<HorizontalLayout ></HorizontalLayout>
						<VerticalLayout height="5"/>

						<HorizontalLayout  height="28" inset="0,0,0,0">
							<VerticalLayout width="10"/>
							<Button name="BtnProbleWheel"   height="30" text="更多车轮探头参数"  />
							<VerticalLayout width="30"/>
						</HorizontalLayout>
					
					</VerticalLayout>
					<Label text="车轮参数" float="true" pos="20,0,0,0" bkcolor="0xFFFEFEFE" width="60" height="20"/>
				</HorizontalLayout>
			
			</VerticalLayout>
				<VerticalLayout width="300">
				
					<HorizontalLayout inset="10,10,10,10">
					<VerticalLayout bkimage="file='Theme\Button\bkimage.png' corner='3,3,3,3'" inset="10,15,10,10">
						<HorizontalLayout height="33">
							<VerticalLayout>
								<HorizontalLayout />
								<HorizontalLayout height="28">
									<Label text="侧面探头Y:" valign="center" width="80"/>
									<Edit name="EditSideYPos" textext="mm" bordersize="1" bordercolor="0x7F7F7F7F"/>
								</HorizontalLayout>
								<HorizontalLayout />
							</VerticalLayout>
											<HorizontalLayout width="10"/>
														<VerticalLayout width="16">
								<Button name="BtnSpin" userdata="EditSideYPos:10.0" clicktype="1" height="16" bkimage="file='Theme\Scrollbar\scrollbar.bmp' source='0,90,16,106' mask='#FFFF00FF'" hotimage="file='Theme\Scrollbar\scrollbar.bmp' source='18,90,34,106' mask='#FFFF00FF'" pushedimage="file='Theme\Scrollbar\scrollbar.bmp' source='36,90,52,106' mask='#FFFF00FF'"/>
								<VerticalLayout height="1" bkcolor="0xFFA0A0A0"/>
								<Button name="BtnSpin" userdata="EditSideYPos:-10.0" clicktype="1" height="16" bkimage="file='Theme\Scrollbar\scrollbar.bmp' source='0,108,16,124' mask='#FFFF00FF'" hotimage="file='Theme\Scrollbar\scrollbar.bmp' source='18,108,34,124' mask='#FFFF00FF'" pushedimage="file='Theme\Scrollbar\scrollbar.bmp' source='36,108,52,124' mask='#FFFF00FF'"/>
							</VerticalLayout>
							<HorizontalLayout width="5"/>
							<VerticalLayout width="16">
								<Button name="BtnSpin" userdata="EditSideYPos:1.0" clicktype="1" height="16" bkimage="file='Theme\Scrollbar\scrollbar.bmp' source='0,90,16,106' mask='#FFFF00FF'" hotimage="file='Theme\Scrollbar\scrollbar.bmp' source='18,90,34,106' mask='#FFFF00FF'" pushedimage="file='Theme\Scrollbar\scrollbar.bmp' source='36,90,52,106' mask='#FFFF00FF'"/>
								<VerticalLayout height="1" bkcolor="0xFFA0A0A0"/>
								<Button name="BtnSpin" userdata="EditSideYPos:-1.0" clicktype="1" height="16" bkimage="file='Theme\Scrollbar\scrollbar.bmp' source='0,108,16,124' mask='#FFFF00FF'" hotimage="file='Theme\Scrollbar\scrollbar.bmp' source='18,108,34,124' mask='#FFFF00FF'" pushedimage="file='Theme\Scrollbar\scrollbar.bmp' source='36,108,52,124' mask='#FFFF00FF'"/>
							</VerticalLayout>
							<HorizontalLayout width="5"/>
							<VerticalLayout width="16">
								<Button name="BtnSpin" userdata="EditSideYPos:0.1" clicktype="1" height="16" bkimage="file='Theme\Scrollbar\scrollbar.bmp' source='0,90,16,106' mask='#FFFF00FF'" hotimage="file='Theme\Scrollbar\scrollbar.bmp' source='18,90,34,106' mask='#FFFF00FF'" pushedimage="file='Theme\Scrollbar\scrollbar.bmp' source='36,90,52,106' mask='#FFFF00FF'"/>
								<VerticalLayout height="1" bkcolor="0xFFA0A0A0"/>
								<Button name="BtnSpin" userdata="EditSideYPos:-0.1" clicktype="1" height="16" bkimage="file='Theme\Scrollbar\scrollbar.bmp' source='0,108,16,124' mask='#FFFF00FF'" hotimage="file='Theme\Scrollbar\scrollbar.bmp' source='18,108,34,124' mask='#FFFF00FF'" pushedimage="file='Theme\Scrollbar\scrollbar.bmp' source='36,108,52,124' mask='#FFFF00FF'"/>
							</VerticalLayout>
							<HorizontalLayout width="30"/>
						</HorizontalLayout>
						
						<VerticalLayout height="2"/>
						<HorizontalLayout height="33">
							<VerticalLayout>
								<HorizontalLayout />
								<HorizontalLayout height="28">
									<Label text="侧面开始X:" valign="center" width="80"/>
									<Edit name="EditSideXStart" textext="mm" bordersize="1" bordercolor="0x7F7F7F7F"/>
								</HorizontalLayout>
								<HorizontalLayout />
							</VerticalLayout>
							
							<HorizontalLayout width="10"/>
											<VerticalLayout width="16">
								<Button name="BtnSpin" userdata="EditSideXStart:10.0" clicktype="1" height="16" bkimage="file='Theme\Scrollbar\scrollbar.bmp' source='0,90,16,106' mask='#FFFF00FF'" hotimage="file='Theme\Scrollbar\scrollbar.bmp' source='18,90,34,106' mask='#FFFF00FF'" pushedimage="file='Theme\Scrollbar\scrollbar.bmp' source='36,90,52,106' mask='#FFFF00FF'"/>
								<VerticalLayout height="1" bkcolor="0xFFA0A0A0"/>
								<Button name="BtnSpin" userdata="EditSideXStart:-10.0" clicktype="1" height="16" bkimage="file='Theme\Scrollbar\scrollbar.bmp' source='0,108,16,124' mask='#FFFF00FF'" hotimage="file='Theme\Scrollbar\scrollbar.bmp' source='18,108,34,124' mask='#FFFF00FF'" pushedimage="file='Theme\Scrollbar\scrollbar.bmp' source='36,108,52,124' mask='#FFFF00FF'"/>
							</VerticalLayout>
								<HorizontalLayout width="5"/>
							<VerticalLayout width="16">
								<Button name="BtnSpin" userdata="EditSideXStart:1.0" clicktype="1" height="16" bkimage="file='Theme\Scrollbar\scrollbar.bmp' source='0,90,16,106' mask='#FFFF00FF'" hotimage="file='Theme\Scrollbar\scrollbar.bmp' source='18,90,34,106' mask='#FFFF00FF'" pushedimage="file='Theme\Scrollbar\scrollbar.bmp' source='36,90,52,106' mask='#FFFF00FF'"/>
								<VerticalLayout height="1" bkcolor="0xFFA0A0A0"/>
								<Button name="BtnSpin" userdata="EditSideXStart:-1.0" clicktype="1" height="16" bkimage="file='Theme\Scrollbar\scrollbar.bmp' source='0,108,16,124' mask='#FFFF00FF'" hotimage="file='Theme\Scrollbar\scrollbar.bmp' source='18,108,34,124' mask='#FFFF00FF'" pushedimage="file='Theme\Scrollbar\scrollbar.bmp' source='36,108,52,124' mask='#FFFF00FF'"/>
							</VerticalLayout>
							<HorizontalLayout width="5"/>
							<VerticalLayout width="16">
								<Button name="BtnSpin" userdata="EditSideXStart:0.1" clicktype="1" height="16" bkimage="file='Theme\Scrollbar\scrollbar.bmp' source='0,90,16,106' mask='#FFFF00FF'" hotimage="file='Theme\Scrollbar\scrollbar.bmp' source='18,90,34,106' mask='#FFFF00FF'" pushedimage="file='Theme\Scrollbar\scrollbar.bmp' source='36,90,52,106' mask='#FFFF00FF'"/>
								<VerticalLayout height="1" bkcolor="0xFFA0A0A0"/>
								<Button name="BtnSpin" userdata="EditSideXStart:-0.1" clicktype="1" height="16" bkimage="file='Theme\Scrollbar\scrollbar.bmp' source='0,108,16,124' mask='#FFFF00FF'" hotimage="file='Theme\Scrollbar\scrollbar.bmp' source='18,108,34,124' mask='#FFFF00FF'" pushedimage="file='Theme\Scrollbar\scrollbar.bmp' source='36,108,52,124' mask='#FFFF00FF'"/>
							</VerticalLayout>
							
							<HorizontalLayout width="30"/>
						</HorizontalLayout>
		
						<VerticalLayout height="2"/>
						<HorizontalLayout height="33">
							<VerticalLayout>
								<HorizontalLayout />
								<HorizontalLayout height="28">
									<Label text="侧面结束X:" valign="center" width="80"/>
									<Edit name="EditSideXEnd" textext="mm" bordersize="1" bordercolor="0x7F7F7F7F"/>
								</HorizontalLayout>
								<HorizontalLayout />
							</VerticalLayout>
														<HorizontalLayout width="10"/>
																<VerticalLayout width="16">
								<Button name="BtnSpin" userdata="EditSideXEnd:10.0" clicktype="1" height="16" bkimage="file='Theme\Scrollbar\scrollbar.bmp' source='0,90,16,106' mask='#FFFF00FF'" hotimage="file='Theme\Scrollbar\scrollbar.bmp' source='18,90,34,106' mask='#FFFF00FF'" pushedimage="file='Theme\Scrollbar\scrollbar.bmp' source='36,90,52,106' mask='#FFFF00FF'"/>
								<VerticalLayout height="1" bkcolor="0xFFA0A0A0"/>
								<Button name="BtnSpin" userdata="EditSideXEnd:-10.0" clicktype="1" height="16" bkimage="file='Theme\Scrollbar\scrollbar.bmp' source='0,108,16,124' mask='#FFFF00FF'" hotimage="file='Theme\Scrollbar\scrollbar.bmp' source='18,108,34,124' mask='#FFFF00FF'" pushedimage="file='Theme\Scrollbar\scrollbar.bmp' source='36,108,52,124' mask='#FFFF00FF'"/>
							</VerticalLayout>
							<HorizontalLayout width="5"/>
							<VerticalLayout width="16">
								<Button name="BtnSpin" userdata="EditSideXEnd:1.0" clicktype="1" height="16" bkimage="file='Theme\Scrollbar\scrollbar.bmp' source='0,90,16,106' mask='#FFFF00FF'" hotimage="file='Theme\Scrollbar\scrollbar.bmp' source='18,90,34,106' mask='#FFFF00FF'" pushedimage="file='Theme\Scrollbar\scrollbar.bmp' source='36,90,52,106' mask='#FFFF00FF'"/>
								<VerticalLayout height="1" bkcolor="0xFFA0A0A0"/>
								<Button name="BtnSpin" userdata="EditSideXEnd:-1.0" clicktype="1" height="16" bkimage="file='Theme\Scrollbar\scrollbar.bmp' source='0,108,16,124' mask='#FFFF00FF'" hotimage="file='Theme\Scrollbar\scrollbar.bmp' source='18,108,34,124' mask='#FFFF00FF'" pushedimage="file='Theme\Scrollbar\scrollbar.bmp' source='36,108,52,124' mask='#FFFF00FF'"/>
							</VerticalLayout>
							<HorizontalLayout width="5"/>
							<VerticalLayout width="16">
								<Button name="BtnSpin" userdata="EditSideXEnd:0.1" clicktype="1" height="16" bkimage="file='Theme\Scrollbar\scrollbar.bmp' source='0,90,16,106' mask='#FFFF00FF'" hotimage="file='Theme\Scrollbar\scrollbar.bmp' source='18,90,34,106' mask='#FFFF00FF'" pushedimage="file='Theme\Scrollbar\scrollbar.bmp' source='36,90,52,106' mask='#FFFF00FF'"/>
								<VerticalLayout height="1" bkcolor="0xFFA0A0A0"/>
								<Button name="BtnSpin" userdata="EditSideXEnd:-0.1" clicktype="1" height="16" bkimage="file='Theme\Scrollbar\scrollbar.bmp' source='0,108,16,124' mask='#FFFF00FF'" hotimage="file='Theme\Scrollbar\scrollbar.bmp' source='18,108,34,124' mask='#FFFF00FF'" pushedimage="file='Theme\Scrollbar\scrollbar.bmp' source='36,108,52,124' mask='#FFFF00FF'"/>
							</VerticalLayout>
							<HorizontalLayout width="30"/>
						</HorizontalLayout>
						
						<VerticalLayout height="2"/>
						<HorizontalLayout height="33">
							<VerticalLayout>
								<HorizontalLayout />
								<HorizontalLayout height="28">
									<Label text="侧面步进:" valign="center" width="80"/>
									<Edit name="EditSideXStep" textext="mm" bordersize="1" bordercolor="0x7F7F7F7F"/>
								</HorizontalLayout>
								<HorizontalLayout />
							</VerticalLayout>
													<HorizontalLayout width="10"/>
																	<VerticalLayout width="16">
								<Button name="BtnSpin" userdata="EditSideXStep:10.0" clicktype="1" height="16" bkimage="file='Theme\Scrollbar\scrollbar.bmp' source='0,90,16,106' mask='#FFFF00FF'" hotimage="file='Theme\Scrollbar\scrollbar.bmp' source='18,90,34,106' mask='#FFFF00FF'" pushedimage="file='Theme\Scrollbar\scrollbar.bmp' source='36,90,52,106' mask='#FFFF00FF'"/>
								<VerticalLayout height="1" bkcolor="0xFFA0A0A0"/>
								<Button name="BtnSpin" userdata="EditSideXStep:-10.0" clicktype="1" height="16" bkimage="file='Theme\Scrollbar\scrollbar.bmp' source='0,108,16,124' mask='#FFFF00FF'" hotimage="file='Theme\Scrollbar\scrollbar.bmp' source='18,108,34,124' mask='#FFFF00FF'" pushedimage="file='Theme\Scrollbar\scrollbar.bmp' source='36,108,52,124' mask='#FFFF00FF'"/>
							</VerticalLayout>
							<HorizontalLayout width="5"/>
							<VerticalLayout width="16">
								<Button name="BtnSpin" userdata="EditSideXStep:1.0" clicktype="1" height="16" bkimage="file='Theme\Scrollbar\scrollbar.bmp' source='0,90,16,106' mask='#FFFF00FF'" hotimage="file='Theme\Scrollbar\scrollbar.bmp' source='18,90,34,106' mask='#FFFF00FF'" pushedimage="file='Theme\Scrollbar\scrollbar.bmp' source='36,90,52,106' mask='#FFFF00FF'"/>
								<VerticalLayout height="1" bkcolor="0xFFA0A0A0"/>
								<Button name="BtnSpin" userdata="EditSideXStep:-1.0" clicktype="1" height="16" bkimage="file='Theme\Scrollbar\scrollbar.bmp' source='0,108,16,124' mask='#FFFF00FF'" hotimage="file='Theme\Scrollbar\scrollbar.bmp' source='18,108,34,124' mask='#FFFF00FF'" pushedimage="file='Theme\Scrollbar\scrollbar.bmp' source='36,108,52,124' mask='#FFFF00FF'"/>
							</VerticalLayout>
							<HorizontalLayout width="5"/>
							<VerticalLayout width="16">
								<Button name="BtnSpin" userdata="EditSideXStep:0.1" clicktype="1" height="16" bkimage="file='Theme\Scrollbar\scrollbar.bmp' source='0,90,16,106' mask='#FFFF00FF'" hotimage="file='Theme\Scrollbar\scrollbar.bmp' source='18,90,34,106' mask='#FFFF00FF'" pushedimage="file='Theme\Scrollbar\scrollbar.bmp' source='36,90,52,106' mask='#FFFF00FF'"/>
								<VerticalLayout height="1" bkcolor="0xFFA0A0A0"/>
								<Button name="BtnSpin" userdata="EditSideXStep:-0.1" clicktype="1" height="16" bkimage="file='Theme\Scrollbar\scrollbar.bmp' source='0,108,16,124' mask='#FFFF00FF'" hotimage="file='Theme\Scrollbar\scrollbar.bmp' source='18,108,34,124' mask='#FFFF00FF'" pushedimage="file='Theme\Scrollbar\scrollbar.bmp' source='36,108,52,124' mask='#FFFF00FF'"/>
							</VerticalLayout>
							<HorizontalLayout width="30"/>
							</HorizontalLayout>

						<VerticalLayout height="2"/>
						<HorizontalLayout height="33">
							<VerticalLayout>
								<HorizontalLayout />
								<HorizontalLayout height="28">
									<Label text="踏面轮缘X:" valign="center" width="80"/>
									<Edit name="EditTreadLyXPos" textext="mm" bordersize="1" bordercolor="0x7F7F7F7F"/>
								</HorizontalLayout>
								<HorizontalLayout />
							</VerticalLayout>
							<HorizontalLayout width="10"/>
							<VerticalLayout width="16">
								<Button name="BtnSpin" userdata="EditTreadLyXPos:10.0" clicktype="1" height="16" bkimage="file='Theme\Scrollbar\scrollbar.bmp' source='0,90,16,106' mask='#FFFF00FF'" hotimage="file='Theme\Scrollbar\scrollbar.bmp' source='18,90,34,106' mask='#FFFF00FF'" pushedimage="file='Theme\Scrollbar\scrollbar.bmp' source='36,90,52,106' mask='#FFFF00FF'"/>
								<VerticalLayout height="1" bkcolor="0xFFA0A0A0"/>
								<Button name="BtnSpin" userdata="EditTreadLyXPos:-10.0" clicktype="1" height="16" bkimage="file='Theme\Scrollbar\scrollbar.bmp' source='0,108,16,124' mask='#FFFF00FF'" hotimage="file='Theme\Scrollbar\scrollbar.bmp' source='18,108,34,124' mask='#FFFF00FF'" pushedimage="file='Theme\Scrollbar\scrollbar.bmp' source='36,108,52,124' mask='#FFFF00FF'"/>
							</VerticalLayout>
							<HorizontalLayout width="5"/>
							<VerticalLayout width="16">
								<Button name="BtnSpin" userdata="EditTreadLyXPos:1.0" clicktype="1" height="16" bkimage="file='Theme\Scrollbar\scrollbar.bmp' source='0,90,16,106' mask='#FFFF00FF'" hotimage="file='Theme\Scrollbar\scrollbar.bmp' source='18,90,34,106' mask='#FFFF00FF'" pushedimage="file='Theme\Scrollbar\scrollbar.bmp' source='36,90,52,106' mask='#FFFF00FF'"/>
								<VerticalLayout height="1" bkcolor="0xFFA0A0A0"/>
								<Button name="BtnSpin" userdata="EditTreadLyXPos:-1.0" clicktype="1" height="16" bkimage="file='Theme\Scrollbar\scrollbar.bmp' source='0,108,16,124' mask='#FFFF00FF'" hotimage="file='Theme\Scrollbar\scrollbar.bmp' source='18,108,34,124' mask='#FFFF00FF'" pushedimage="file='Theme\Scrollbar\scrollbar.bmp' source='36,108,52,124' mask='#FFFF00FF'"/>
							</VerticalLayout>
							<HorizontalLayout width="5"/>
							<VerticalLayout width="16">
								<Button name="BtnSpin" userdata="EditTreadLyXPos:0.1" clicktype="1" height="16" bkimage="file='Theme\Scrollbar\scrollbar.bmp' source='0,90,16,106' mask='#FFFF00FF'" hotimage="file='Theme\Scrollbar\scrollbar.bmp' source='18,90,34,106' mask='#FFFF00FF'" pushedimage="file='Theme\Scrollbar\scrollbar.bmp' source='36,90,52,106' mask='#FFFF00FF'"/>
								<VerticalLayout height="1" bkcolor="0xFFA0A0A0"/>
								<Button name="BtnSpin" userdata="EditTreadLyXPos:-0.1" clicktype="1" height="16" bkimage="file='Theme\Scrollbar\scrollbar.bmp' source='0,108,16,124' mask='#FFFF00FF'" hotimage="file='Theme\Scrollbar\scrollbar.bmp' source='18,108,34,124' mask='#FFFF00FF'" pushedimage="file='Theme\Scrollbar\scrollbar.bmp' source='36,108,52,124' mask='#FFFF00FF'"/>
							</VerticalLayout>
							<HorizontalLayout width="30"/>
						</HorizontalLayout>
						
							<VerticalLayout height="2"/>
							<HorizontalLayout height="33">
								<VerticalLayout>
									<HorizontalLayout />
									<HorizontalLayout height="28">
										<Label text="踏面探头X:" valign="center" width="80"/>
										<Edit name="EditTreadXPos" textext="mm" bordersize="1" bordercolor="0x7F7F7F7F"/>
									</HorizontalLayout>
									<HorizontalLayout />
								</VerticalLayout>
							<HorizontalLayout width="10"/>
														<VerticalLayout width="16">
								<Button name="BtnSpin" userdata="EditTreadXPos:10.0" clicktype="1" height="16" bkimage="file='Theme\Scrollbar\scrollbar.bmp' source='0,90,16,106' mask='#FFFF00FF'" hotimage="file='Theme\Scrollbar\scrollbar.bmp' source='18,90,34,106' mask='#FFFF00FF'" pushedimage="file='Theme\Scrollbar\scrollbar.bmp' source='36,90,52,106' mask='#FFFF00FF'"/>
								<VerticalLayout height="1" bkcolor="0xFFA0A0A0"/>
								<Button name="BtnSpin" userdata="EditTreadXPos:-10.0" clicktype="1" height="16" bkimage="file='Theme\Scrollbar\scrollbar.bmp' source='0,108,16,124' mask='#FFFF00FF'" hotimage="file='Theme\Scrollbar\scrollbar.bmp' source='18,108,34,124' mask='#FFFF00FF'" pushedimage="file='Theme\Scrollbar\scrollbar.bmp' source='36,108,52,124' mask='#FFFF00FF'"/>
							</VerticalLayout>
							<HorizontalLayout width="5"/>
							<VerticalLayout width="16">
								<Button name="BtnSpin" userdata="EditTreadXPos:1.0" clicktype="1" height="16" bkimage="file='Theme\Scrollbar\scrollbar.bmp' source='0,90,16,106' mask='#FFFF00FF'" hotimage="file='Theme\Scrollbar\scrollbar.bmp' source='18,90,34,106' mask='#FFFF00FF'" pushedimage="file='Theme\Scrollbar\scrollbar.bmp' source='36,90,52,106' mask='#FFFF00FF'"/>
								<VerticalLayout height="1" bkcolor="0xFFA0A0A0"/>
								<Button name="BtnSpin" userdata="EditTreadXPos:-1.0" clicktype="1" height="16" bkimage="file='Theme\Scrollbar\scrollbar.bmp' source='0,108,16,124' mask='#FFFF00FF'" hotimage="file='Theme\Scrollbar\scrollbar.bmp' source='18,108,34,124' mask='#FFFF00FF'" pushedimage="file='Theme\Scrollbar\scrollbar.bmp' source='36,108,52,124' mask='#FFFF00FF'"/>
							</VerticalLayout>
							<HorizontalLayout width="5"/>
							<VerticalLayout width="16">
								<Button name="BtnSpin" userdata="EditTreadXPos:0.1" clicktype="1" height="16" bkimage="file='Theme\Scrollbar\scrollbar.bmp' source='0,90,16,106' mask='#FFFF00FF'" hotimage="file='Theme\Scrollbar\scrollbar.bmp' source='18,90,34,106' mask='#FFFF00FF'" pushedimage="file='Theme\Scrollbar\scrollbar.bmp' source='36,90,52,106' mask='#FFFF00FF'"/>
								<VerticalLayout height="1" bkcolor="0xFFA0A0A0"/>
								<Button name="BtnSpin" userdata="EditTreadXPos:-0.1" clicktype="1" height="16" bkimage="file='Theme\Scrollbar\scrollbar.bmp' source='0,108,16,124' mask='#FFFF00FF'" hotimage="file='Theme\Scrollbar\scrollbar.bmp' source='18,108,34,124' mask='#FFFF00FF'" pushedimage="file='Theme\Scrollbar\scrollbar.bmp' source='36,108,52,124' mask='#FFFF00FF'"/>
							</VerticalLayout>
								<HorizontalLayout width="30"/>
							</HorizontalLayout>
						
							<VerticalLayout height="2"/>
							<HorizontalLayout height="33">
								<VerticalLayout>
									<HorizontalLayout />
									<HorizontalLayout height="28">
										<Label text="踏面开始Y:" valign="center" width="80"/>
										<Edit name="EditTreadYStart" textext="mm" bordersize="1" bordercolor="0x7F7F7F7F"/>
									</HorizontalLayout>
									<HorizontalLayout />
								</VerticalLayout>
							<HorizontalLayout width="10"/>
										<VerticalLayout width="16">
								<Button name="BtnSpin" userdata="EditTreadYStart:10.0" clicktype="1" height="16" bkimage="file='Theme\Scrollbar\scrollbar.bmp' source='0,90,16,106' mask='#FFFF00FF'" hotimage="file='Theme\Scrollbar\scrollbar.bmp' source='18,90,34,106' mask='#FFFF00FF'" pushedimage="file='Theme\Scrollbar\scrollbar.bmp' source='36,90,52,106' mask='#FFFF00FF'"/>
								<VerticalLayout height="1" bkcolor="0xFFA0A0A0"/>
								<Button name="BtnSpin" userdata="EditTreadYStart:-10.0" clicktype="1" height="16" bkimage="file='Theme\Scrollbar\scrollbar.bmp' source='0,108,16,124' mask='#FFFF00FF'" hotimage="file='Theme\Scrollbar\scrollbar.bmp' source='18,108,34,124' mask='#FFFF00FF'" pushedimage="file='Theme\Scrollbar\scrollbar.bmp' source='36,108,52,124' mask='#FFFF00FF'"/>
							</VerticalLayout>
							<HorizontalLayout width="5"/>
							<VerticalLayout width="16">
								<Button name="BtnSpin" userdata="EditTreadYStart:1.0" clicktype="1" height="16" bkimage="file='Theme\Scrollbar\scrollbar.bmp' source='0,90,16,106' mask='#FFFF00FF'" hotimage="file='Theme\Scrollbar\scrollbar.bmp' source='18,90,34,106' mask='#FFFF00FF'" pushedimage="file='Theme\Scrollbar\scrollbar.bmp' source='36,90,52,106' mask='#FFFF00FF'"/>
								<VerticalLayout height="1" bkcolor="0xFFA0A0A0"/>
								<Button name="BtnSpin" userdata="EditTreadYStart:-1.0" clicktype="1" height="16" bkimage="file='Theme\Scrollbar\scrollbar.bmp' source='0,108,16,124' mask='#FFFF00FF'" hotimage="file='Theme\Scrollbar\scrollbar.bmp' source='18,108,34,124' mask='#FFFF00FF'" pushedimage="file='Theme\Scrollbar\scrollbar.bmp' source='36,108,52,124' mask='#FFFF00FF'"/>
							</VerticalLayout>
							<HorizontalLayout width="5"/>
							<VerticalLayout width="16">
								<Button name="BtnSpin" userdata="EditTreadYStart:0.1" clicktype="1" height="16" bkimage="file='Theme\Scrollbar\scrollbar.bmp' source='0,90,16,106' mask='#FFFF00FF'" hotimage="file='Theme\Scrollbar\scrollbar.bmp' source='18,90,34,106' mask='#FFFF00FF'" pushedimage="file='Theme\Scrollbar\scrollbar.bmp' source='36,90,52,106' mask='#FFFF00FF'"/>
								<VerticalLayout height="1" bkcolor="0xFFA0A0A0"/>
								<Button name="BtnSpin" userdata="EditTreadYStart:-0.1" clicktype="1" height="16" bkimage="file='Theme\Scrollbar\scrollbar.bmp' source='0,108,16,124' mask='#FFFF00FF'" hotimage="file='Theme\Scrollbar\scrollbar.bmp' source='18,108,34,124' mask='#FFFF00FF'" pushedimage="file='Theme\Scrollbar\scrollbar.bmp' source='36,108,52,124' mask='#FFFF00FF'"/>
							</VerticalLayout>
								<HorizontalLayout width="30"/>
							</HorizontalLayout>
							<VerticalLayout height="2"/>
							<HorizontalLayout height="33">
								<VerticalLayout>
									<HorizontalLayout />
									<HorizontalLayout height="28">
										<Label text="踏面结束Y:" valign="center" width="80"/>
										<Edit name="EditTreadYEnd" textext="mm" bordersize="1" bordercolor="0x7F7F7F7F"/>
									</HorizontalLayout>
									<HorizontalLayout />
								</VerticalLayout>
							<HorizontalLayout width="10"/>
											<VerticalLayout width="16">
								<Button name="BtnSpin" userdata="EditTreadYEnd:10.0" clicktype="1" height="16" bkimage="file='Theme\Scrollbar\scrollbar.bmp' source='0,90,16,106' mask='#FFFF00FF'" hotimage="file='Theme\Scrollbar\scrollbar.bmp' source='18,90,34,106' mask='#FFFF00FF'" pushedimage="file='Theme\Scrollbar\scrollbar.bmp' source='36,90,52,106' mask='#FFFF00FF'"/>
								<VerticalLayout height="1" bkcolor="0xFFA0A0A0"/>
								<Button name="BtnSpin" userdata="EditTreadYEnd:-10.0" clicktype="1" height="16" bkimage="file='Theme\Scrollbar\scrollbar.bmp' source='0,108,16,124' mask='#FFFF00FF'" hotimage="file='Theme\Scrollbar\scrollbar.bmp' source='18,108,34,124' mask='#FFFF00FF'" pushedimage="file='Theme\Scrollbar\scrollbar.bmp' source='36,108,52,124' mask='#FFFF00FF'"/>
							</VerticalLayout>
							<HorizontalLayout width="5"/>
							<VerticalLayout width="16">
								<Button name="BtnSpin" userdata="EditTreadYEnd:1.0" clicktype="1" height="16" bkimage="file='Theme\Scrollbar\scrollbar.bmp' source='0,90,16,106' mask='#FFFF00FF'" hotimage="file='Theme\Scrollbar\scrollbar.bmp' source='18,90,34,106' mask='#FFFF00FF'" pushedimage="file='Theme\Scrollbar\scrollbar.bmp' source='36,90,52,106' mask='#FFFF00FF'"/>
								<VerticalLayout height="1" bkcolor="0xFFA0A0A0"/>
								<Button name="BtnSpin" userdata="EditTreadYEnd:-1.0" clicktype="1" height="16" bkimage="file='Theme\Scrollbar\scrollbar.bmp' source='0,108,16,124' mask='#FFFF00FF'" hotimage="file='Theme\Scrollbar\scrollbar.bmp' source='18,108,34,124' mask='#FFFF00FF'" pushedimage="file='Theme\Scrollbar\scrollbar.bmp' source='36,108,52,124' mask='#FFFF00FF'"/>
							</VerticalLayout>
							<HorizontalLayout width="5"/>
							<VerticalLayout width="16">
								<Button name="BtnSpin" userdata="EditTreadYEnd:0.1" clicktype="1" height="16" bkimage="file='Theme\Scrollbar\scrollbar.bmp' source='0,90,16,106' mask='#FFFF00FF'" hotimage="file='Theme\Scrollbar\scrollbar.bmp' source='18,90,34,106' mask='#FFFF00FF'" pushedimage="file='Theme\Scrollbar\scrollbar.bmp' source='36,90,52,106' mask='#FFFF00FF'"/>
								<VerticalLayout height="1" bkcolor="0xFFA0A0A0"/>
								<Button name="BtnSpin" userdata="EditTreadYEnd:-0.1" clicktype="1" height="16" bkimage="file='Theme\Scrollbar\scrollbar.bmp' source='0,108,16,124' mask='#FFFF00FF'" hotimage="file='Theme\Scrollbar\scrollbar.bmp' source='18,108,34,124' mask='#FFFF00FF'" pushedimage="file='Theme\Scrollbar\scrollbar.bmp' source='36,108,52,124' mask='#FFFF00FF'"/>
							</VerticalLayout>
								<HorizontalLayout width="30"/>
							</HorizontalLayout>
						
							<VerticalLayout height="2"/>
							<HorizontalLayout height="33">
								<VerticalLayout>
									<HorizontalLayout />
									<HorizontalLayout height="28">
										<Label text="踏面步进:" valign="center" width="80"/>
										<Edit name="EditTreadYStep" textext="mm" bordersize="1" bordercolor="0x7F7F7F7F"/>
									</HorizontalLayout>
									<HorizontalLayout />
								</VerticalLayout>
							<HorizontalLayout width="10"/>
													<VerticalLayout width="16">
								<Button name="BtnSpin" userdata="EditTreadYStep:10.0" clicktype="1" height="16" bkimage="file='Theme\Scrollbar\scrollbar.bmp' source='0,90,16,106' mask='#FFFF00FF'" hotimage="file='Theme\Scrollbar\scrollbar.bmp' source='18,90,34,106' mask='#FFFF00FF'" pushedimage="file='Theme\Scrollbar\scrollbar.bmp' source='36,90,52,106' mask='#FFFF00FF'"/>
								<VerticalLayout height="1" bkcolor="0xFFA0A0A0"/>
								<Button name="BtnSpin" userdata="EditTreadYStep:-10.0" clicktype="1" height="16" bkimage="file='Theme\Scrollbar\scrollbar.bmp' source='0,108,16,124' mask='#FFFF00FF'" hotimage="file='Theme\Scrollbar\scrollbar.bmp' source='18,108,34,124' mask='#FFFF00FF'" pushedimage="file='Theme\Scrollbar\scrollbar.bmp' source='36,108,52,124' mask='#FFFF00FF'"/>
							</VerticalLayout>
							<HorizontalLayout width="5"/>
							<VerticalLayout width="16">
								<Button name="BtnSpin" userdata="EditTreadYStep:1.0" clicktype="1" height="16" bkimage="file='Theme\Scrollbar\scrollbar.bmp' source='0,90,16,106' mask='#FFFF00FF'" hotimage="file='Theme\Scrollbar\scrollbar.bmp' source='18,90,34,106' mask='#FFFF00FF'" pushedimage="file='Theme\Scrollbar\scrollbar.bmp' source='36,90,52,106' mask='#FFFF00FF'"/>
								<VerticalLayout height="1" bkcolor="0xFFA0A0A0"/>
								<Button name="BtnSpin" userdata="EditTreadYStep:-1.0" clicktype="1" height="16" bkimage="file='Theme\Scrollbar\scrollbar.bmp' source='0,108,16,124' mask='#FFFF00FF'" hotimage="file='Theme\Scrollbar\scrollbar.bmp' source='18,108,34,124' mask='#FFFF00FF'" pushedimage="file='Theme\Scrollbar\scrollbar.bmp' source='36,108,52,124' mask='#FFFF00FF'"/>
							</VerticalLayout>
							<HorizontalLayout width="5"/>
							<VerticalLayout width="16">
								<Button name="BtnSpin" userdata="EditTreadYStep:0.1" clicktype="1" height="16" bkimage="file='Theme\Scrollbar\scrollbar.bmp' source='0,90,16,106' mask='#FFFF00FF'" hotimage="file='Theme\Scrollbar\scrollbar.bmp' source='18,90,34,106' mask='#FFFF00FF'" pushedimage="file='Theme\Scrollbar\scrollbar.bmp' source='36,90,52,106' mask='#FFFF00FF'"/>
								<VerticalLayout height="1" bkcolor="0xFFA0A0A0"/>
								<Button name="BtnSpin" userdata="EditTreadYStep:-0.1" clicktype="1" height="16" bkimage="file='Theme\Scrollbar\scrollbar.bmp' source='0,108,16,124' mask='#FFFF00FF'" hotimage="file='Theme\Scrollbar\scrollbar.bmp' source='18,108,34,124' mask='#FFFF00FF'" pushedimage="file='Theme\Scrollbar\scrollbar.bmp' source='36,108,52,124' mask='#FFFF00FF'"/>
							</VerticalLayout>
								<HorizontalLayout width="30"/>
							</HorizontalLayout>

						<VerticalLayout height="5"/>

						<HorizontalLayout  height="28" inset="0,0,0,0">

							<HorizontalLayout>
							<Button name="BtnBestStep"   height="30" text="计算最佳步进"  />
								<VerticalLayout width="5"/>
								<Label name="LabelBestCir" text="最佳圈数:8圈"   bkcolor="0xFFFEFEFE"  height="30"/>
								<VerticalLayout width="30"/>
							</HorizontalLayout>
	
							
						</HorizontalLayout>
						
					</VerticalLayout>
					<Label text="PLC设置" float="true" pos="20,0,0,0" bkcolor="0xFFFEFEFE" width="60" height="20"/>
				</HorizontalLayout>
					
				<HorizontalLayout inset="10,10,10,10">
					<VerticalLayout bkimage="file='Theme\Button\bkimage.png' corner='3,3,3,3'" inset="10,15,10,10">

						<VerticalLayout height="2"/>
						<HorizontalLayout height="33">
							<VerticalLayout>
								<HorizontalLayout />
								<HorizontalLayout height="28">
									<Label text="速度" valign="center" align ="center" width="100"/>
									<Label text="自动" valign="center"  align ="center" width="60"/>
									<HorizontalLayout width="5"/>
									<Label text="手动" valign="center" align ="center"  width="60"/>
								</HorizontalLayout>
								<HorizontalLayout />
							</VerticalLayout>

							<HorizontalLayout width="30"/>
						</HorizontalLayout>
						<VerticalLayout height="2"/>
						<HorizontalLayout height="33">
							<VerticalLayout>
								<HorizontalLayout />
								<HorizontalLayout height="28">
									<Label text="左/侧面探头X:" valign="center" width="100"/>
									<Edit name="EditSideXSpeed1" textext="" bordersize="1" bordercolor="0x7F7F7F7F"/>
									<HorizontalLayout width="5"/>
									<Edit name="EditSideXSpeed2" textext="" bordersize="1" bordercolor="0x7F7F7F7F"/>
								</HorizontalLayout>
								<HorizontalLayout />
							</VerticalLayout>

							<HorizontalLayout width="30"/>
						</HorizontalLayout>
						<VerticalLayout height="2"/>
						<HorizontalLayout height="33">
							<VerticalLayout>
								<HorizontalLayout />
								<HorizontalLayout height="28">
									<Label text="左/侧面探头Y:" valign="center" width="100"/>
									<Edit name="EditSideYSpeed1" textext="" bordersize="1" bordercolor="0x7F7F7F7F"/>
									<HorizontalLayout width="5"/>
									<Edit name="EditSideYSpeed2" textext="" bordersize="1" bordercolor="0x7F7F7F7F"/>
								</HorizontalLayout>
								<HorizontalLayout />
							</VerticalLayout>
							
							<HorizontalLayout width="30"/>
						</HorizontalLayout>

						<VerticalLayout height="2"/>
						<HorizontalLayout height="33">
							<VerticalLayout>
								<HorizontalLayout />
								<HorizontalLayout height="28">
									<Label text="右/踏面探头X:" valign="center" width="100"/>
									<Edit name="EditTreadXSpeed1" textext="" bordersize="1" bordercolor="0x7F7F7F7F"/>
									<HorizontalLayout width="5"/>
									<Edit name="EditTreadXSpeed2" textext="" bordersize="1" bordercolor="0x7F7F7F7F"/>
								</HorizontalLayout>
								<HorizontalLayout />
							</VerticalLayout>

							<HorizontalLayout width="30"/>
						</HorizontalLayout>

						<VerticalLayout height="2"/>
						<HorizontalLayout height="33">
							<VerticalLayout>
								<HorizontalLayout />
								<HorizontalLayout height="28">
									<Label text="右/踏面探头Y:" valign="center" width="100"/>
									<Edit name="EditTreadYSpeed1" textext="" bordersize="1" bordercolor="0x7F7F7F7F"/>
									<HorizontalLayout width="5"/>
									<Edit name="EditTreadYSpeed2" textext="" bordersize="1" bordercolor="0x7F7F7F7F"/>
								</HorizontalLayout>
								<HorizontalLayout />
							</VerticalLayout>
							<HorizontalLayout width="30"/>
						</HorizontalLayout>

						<VerticalLayout height="2"/>
						<HorizontalLayout height="33">
							<VerticalLayout>
								<HorizontalLayout />
								<HorizontalLayout height="28">
									<Label text="转盘(圈/分):" valign="center" width="100"/>
									<Edit name="EditRotateSpeed1" textext="" bordersize="1" bordercolor="0x7F7F7F7F"/>
									
								</HorizontalLayout>
								<HorizontalLayout />
							</VerticalLayout>
							<HorizontalLayout width="30"/>
						</HorizontalLayout>


						<VerticalLayout height="2"/>
						<HorizontalLayout height="33">
							<VerticalLayout>
								<HorizontalLayout />
								<HorizontalLayout height="28" inset="0,0,0,0">
									<VerticalLayout width="10"/>
									<Button name="BtnSetSpeed"   height="30" text="参数下发"  />
									<VerticalLayout width="30"/>
								</HorizontalLayout>
		
							</VerticalLayout>

						</HorizontalLayout>
						
						<VerticalLayout />
							
						<VerticalLayout height="5"/>

						<HorizontalLayout  height="28" inset="0,0,0,0">
							<VerticalLayout width="10"/>
							<Button name="BtnMorePLC"   height="30" text="更多PLC"  />
							<VerticalLayout width="30"/>

						</HorizontalLayout>

							</VerticalLayout>
					<Label text="PLC控制调试" float="true" pos="20,0,0,0" bkcolor="0xFFFEFEFE" width="90" height="20"/>
				</HorizontalLayout>

		</VerticalLayout>
		</HorizontalLayout>

		<HorizontalLayout height="100" inset="10,10,10,5">
			<VerticalLayout  width="660"  bkimage="file='Theme\Button\bkimage.png' corner='3,3,3,3'" inset="10,10,10,5">
			
			<HorizontalLayout  height="24">
				<Label text="踏面探头"   bkcolor="0xFFFEFEFE"  valign="center"  width="100" />
				<Option name="OptCH1" text="通道1" width="80"   valign="center"  textpadding="28,8,0,0" align="left" selectedimage="file='Theme\Check\checked.png' dest='10,8,26,24'" normalimage="file='Theme\Check\unchecked.png' dest='10,8,26,24'" hotimage="" pushedimage=""/>
				<Option name="OptCH2" text="通道2" width="80"  valign="center"  textpadding="28,8,0,0" align="left" selectedimage="file='Theme\Check\checked.png' dest='10,8,26,24'" normalimage="file='Theme\Check\unchecked.png' dest='10,8,26,24'" hotimage="" pushedimage=""/>
				<Option name="OptCH3" text="通道3" width="80"    valign="center"  textpadding="28,8,0,0" align="left" selectedimage="file='Theme\Check\checked.png' dest='10,8,26,24'" normalimage="file='Theme\Check\unchecked.png' dest='10,8,26,24'" hotimage="" pushedimage=""/>
				<Option name="OptCH4" text="通道4" width="80"   valign="center"  textpadding="28,8,0,0" align="left" selectedimage="file='Theme\Check\checked.png' dest='10,8,26,24'" normalimage="file='Theme\Check\unchecked.png' dest='10,8,26,24'" hotimage="" pushedimage=""/>
				<Option name="OptCH5" text="通道5" width="80"    valign="center"  textpadding="28,8,0,0" align="left" selectedimage="file='Theme\Check\checked.png' dest='10,8,26,24'" normalimage="file='Theme\Check\unchecked.png' dest='10,8,26,24'" hotimage="" pushedimage=""/>
				<Option name="OptCH6" text="通道6" width="80"  valign="center" textpadding="28,8,0,0" align="left" selectedimage="file='Theme\Check\checked.png' dest='10,8,26,24'" normalimage="file='Theme\Check\unchecked.png' dest='10,8,26,24'" hotimage="" pushedimage=""/>
			</HorizontalLayout>
				
			<HorizontalLayout height="3"/>
				<HorizontalLayout  height="24">
					<Label text="侧面探头" bkcolor="0xFFFEFEFE"   valign="center"  width="100" />
					<Option name="OptCH7" text="通道7" width="80"   valign="center"  textpadding="28,8,0,0" align="left" selectedimage="file='Theme\Check\checked.png' dest='10,8,26,24'" normalimage="file='Theme\Check\unchecked.png' dest='10,8,26,24'" hotimage="" pushedimage=""/>
					<Option name="OptCH8" text="通道8" width="80"    valign="center" textpadding="28,8,0,0" align="left" selectedimage="file='Theme\Check\checked.png' dest='10,8,26,24'" normalimage="file='Theme\Check\unchecked.png' dest='10,8,26,24'" hotimage="" pushedimage=""/>
					<Option name="OptCH9" text="通道9" width="80"   valign="center" textpadding="28,8,0,0" align="left" selectedimage="file='Theme\Check\checked.png' dest='10,8,26,24'" normalimage="file='Theme\Check\unchecked.png' dest='10,8,26,24'" hotimage="" pushedimage=""/>
					<Option name="OptCH10" text="通道10" width="80"    valign="center" textpadding="28,8,0,0" align="left" selectedimage="file='Theme\Check\checked.png' dest='10,8,26,24'" normalimage="file='Theme\Check\unchecked.png' dest='10,8,26,24'" hotimage="" pushedimage=""/>
					<Button name="BtnCopy"  text="复制"  width="80"  />
				</HorizontalLayout>
				<HorizontalLayout height="3"/>
			<Label name="LabelStatus" text="" textpadding="10,0,0,0"  align="left" valign="center" />
		
		</VerticalLayout>
			<Label text="通道复制" float="true" pos="20,0,0,0" bkcolor="0xFFFEFEFE" width="60" height="20"/>
			<HorizontalLayout height="48">
			
				<HorizontalLayout width="900" inset="10,0,10,0">
					<VerticalLayout width="20"/>
					<Button name="BtnSave"  text="工艺保存" font="6" />
					<VerticalLayout width="10"/>
					<Button name="BtnLoad"  text="工艺调用" font="6" />
					<VerticalLayout width="10"/>
					<Button name="IDCANCELSetWnd"  text="退出" font="6" />
				</HorizontalLayout>
			</HorizontalLayout>

		</HorizontalLayout>
	</VerticalLayout>
</Window>