<?xml version="1.0" encoding="utf-8"?>
<Window size="1280,900" caption="5,5,5,52" sizebox="10,10,10,10">
	<Font name="楷体" size="14" default="true" />
	<Font name="楷体" size="18" />
	<Font name="楷体" size="24" />
	<Font name="楷体" size="32" />
	<Font name="楷体" size="14" bold="true" />
	<Font name="楷体" size="18" bold="true" />
	<Font name="楷体" size="24" bold="true" />
	<Font name="楷体" size="40" bold="true" />

	<Default name="VScrollBar" value="button1normalimage=&quot;file='Theme\Scrollbar\scrollbar.bmp' source='0,90,16,106' mask='#FFFF00FF'&quot; button1hotimage=&quot;file='Theme\Scrollbar\scrollbar.bmp' source='18,90,34,106' mask='#FFFF00FF'&quot; button1pushedimage=&quot;file='Theme\Scrollbar\scrollbar.bmp' source='36,90,52,106' mask='#FFFF00FF'&quot; button1disabledimage=&quot;file='Theme\Scrollbar\scrollbar.bmp' source='54,90,70,106' mask='#FFFF00FF'&quot; button2normalimage=&quot;file='Theme\Scrollbar\scrollbar.bmp' source='0,108,16,124' mask='#FFFF00FF'&quot; button2hotimage=&quot;file='Theme\Scrollbar\scrollbar.bmp' source='18,108,34,124' mask='#FFFF00FF'&quot; button2pushedimage=&quot;file='Theme\Scrollbar\scrollbar.bmp' source='36,108,52,124' mask='#FFFF00FF'&quot; button2disabledimage=&quot;file='Theme\Scrollbar\scrollbar.bmp' source='54,108,70,124' mask='#FFFF00FF'&quot; thumbnormalimage=&quot;file='Theme\Scrollbar\scrollbar.bmp' source='0,126,16,142' corner='2,2,2,2' mask='#FFFF00FF'&quot; thumbhotimage=&quot;file='Theme\Scrollbar\scrollbar.bmp' source='18,126,34,142' corner='2,2,2,2' mask='#FFFF00FF'&quot; thumbpushedimage=&quot;file='Theme\Scrollbar\scrollbar.bmp' source='36,126,52,142' corner='2,2,2,2' mask='#FFFF00FF'&quot; thumbdisabledimage=&quot;file='Theme\Scrollbar\scrollbar.bmp' source='54,126,70,142' corner='2,2,2,2' mask='#FFFF00FF'&quot; railnormalimage=&quot;file='Theme\Scrollbar\scrollbar.bmp' source='0,144,16,160' corner='2,2,2,2' mask='#FFFF00FF'&quot; railhotimage=&quot;file='Theme\Scrollbar\scrollbar.bmp' source='18,144,34,160' corner='2,2,2,2' mask='#FFFF00FF'&quot; railpushedimage=&quot;file='Theme\Scrollbar\scrollbar.bmp' source='36,144,52,160' corner='2,2,2,2' mask='#FFFF00FF'&quot; raildisabledimage=&quot;file='Theme\Scrollbar\scrollbar.bmp' source='54,144,70,160' corner='2,2,2,2' mask='#FFFF00FF'&quot; bknormalimage=&quot;file='Theme\Scrollbar\scrollbar.bmp' source='0,162,16,178' corner='2,2,2,2' mask='#FFFF00FF'&quot; bkhotimage=&quot;file='Theme\Scrollbar\scrollbar.bmp' source='18,162,34,178' corner='2,2,2,2' mask='#FFFF00FF'&quot; bkpushedimage=&quot;file='Theme\Scrollbar\scrollbar.bmp' source='36,162,52,178' corner='2,2,2,2' mask='#FFFF00FF'&quot; bkdisabledimage=&quot;file='Theme\Scrollbar\scrollbar.bmp' source='54,162,70,178' corner='2,2,2,2' mask='#FFFF00FF'&quot; " />
	<Default name="HScrollBar" value="button1normalimage=&quot;file='Theme\Scrollbar\scrollbar.bmp' source='0,0,16,16' mask='#FFFF00FF'&quot; button1hotimage=&quot;file='Theme\Scrollbar\scrollbar.bmp' source='18,0,34,16' mask='#FFFF00FF'&quot; button1pushedimage=&quot;file='Theme\Scrollbar\scrollbar.bmp' source='36,0,52,16' mask='#FFFF00FF'&quot; button1disabledimage=&quot;file='Theme\Scrollbar\scrollbar.bmp' source='54,0,70,16' mask='#FFFF00FF'&quot; button2normalimage=&quot;file='Theme\Scrollbar\scrollbar.bmp' source='0,18,16,34' mask='#FFFF00FF'&quot; button2hotimage=&quot;file='Theme\Scrollbar\scrollbar.bmp' source='18,18,34,34' mask='#FFFF00FF'&quot; button2pushedimage=&quot;file='Theme\Scrollbar\scrollbar.bmp' source='36,18,52,34' mask='#FFFF00FF'&quot; button2disabledimage=&quot;file='Theme\Scrollbar\scrollbar.bmp' source='54,18,70,34' mask='#FFFF00FF'&quot; thumbnormalimage=&quot;file='Theme\Scrollbar\scrollbar.bmp' source='0,36,16,52' corner='2,2,2,2' mask='#FFFF00FF'&quot; thumbhotimage=&quot;file='Theme\Scrollbar\scrollbar.bmp' source='18,36,34,52' corner='2,2,2,2' mask='#FFFF00FF'&quot; thumbpushedimage=&quot;file='Theme\Scrollbar\scrollbar.bmp' source='36,36,52,52' corner='2,2,2,2' mask='#FFFF00FF'&quot; thumbdisabledimage=&quot;file='Theme\Scrollbar\scrollbar.bmp' source='54,36,70,52' corner='2,2,2,2' mask='#FFFF00FF'&quot; railnormalimage=&quot;file='Theme\Scrollbar\scrollbar.bmp' source='0,54,16,70' corner='2,2,2,2' mask='#FFFF00FF'&quot; railhotimage=&quot;file='Theme\Scrollbar\scrollbar.bmp' source='18,54,34,70' corner='2,2,2,2' mask='#FFFF00FF'&quot; railpushedimage=&quot;file='Theme\Scrollbar\scrollbar.bmp' source='36,54,52,70' corner='2,2,2,2' mask='#FFFF00FF'&quot; raildisabledimage=&quot;file='Theme\Scrollbar\scrollbar.bmp' source='54,54,70,70' corner='2,2,2,2' mask='#FFFF00FF'&quot; bknormalimage=&quot;file='Theme\Scrollbar\scrollbar.bmp' source='0,72,16,88' corner='2,2,2,2' mask='#FFFF00FF'&quot; bkhotimage=&quot;file='Theme\Scrollbar\scrollbar.bmp' source='18,72,34,88' corner='2,2,2,2' mask='#FFFF00FF'&quot; bkpushedimage=&quot;file='Theme\Scrollbar\scrollbar.bmp' source='36,72,52,88' corner='2,2,2,2' mask='#FFFF00FF'&quot; bkdisabledimage=&quot;file='Theme\Scrollbar\scrollbar.bmp' source='54,72,70,88' corner='2,2,2,2' mask='#FFFF00FF'&quot; " />
	<Default name="Button" value="align=&quot;center&quot; valign=&quot;center&quot; bkcolor=&quot;0xFFEEEEEE&quot; hotbkcolor=&quot;0xFF1874CD&quot;" />
	<Default shared="true" name="Option" value="height=&quot;30&quot;  valign=&quot;center&quot; textpadding=&quot;18,2,0,0&quot; selectedimage=&quot;file='Theme\Check\RadioBtnSel.png' source='0,0,13,13' dest='0,9,14,23'&quot; normalimage=&quot;file='Theme\Check\RadioBtnNon.png' source='0,0,13,13' dest='0,9,14,23'&quot;" />

	<VerticalLayout bkcolor="0xFFFEFEFE" bordersize="1" bordercolor="0xFFDDDDDD">
		<HorizontalLayout height="34">
			<Label text="" font="0" bkimage="file='Theme\Button\union.png' dest='2,2,34,34'" textpadding="34,0,0,0" align="left" valign="center" />
			<HorizontalLayout visible="true" width="95">
				<Button float="true" pos="0,0,0,0" name="minbtn" tooltip="最小化" width="28" height="19" bkcolor="" normalimage="Theme\Button\btn_mini_normal.png" hotimage="Theme\Button\btn_mini_highlight.png" pushedimage="Theme\Button\btn_mini_down.png" />
				<Button float="true" pos="29,0,0,0" name="maxbtn" tooltip="最大化" width="28" height="19" bkcolor="" normalimage="Theme\Button\btn_max_normal.png" hotimage="Theme\Button\btn_max_highlight.png" pushedimage="Theme\Button\btn_max_down.png" />
				<Button float="true" pos="29,0,0,0" name="restorebtn" tooltip="还原" visible="false" width="28" bkcolor="" height="19" normalimage="Theme\Button\btn_restore_normal.png" hotimage="Theme\Button\btn_restore_highlight.png" pushedimage="Theme\Button\btn_restore_down.png" />
				<Button float="true" pos="57,0,0,0" name="closebtn" tooltip="关闭" width="39" height="19" bkcolor="" normalimage="Theme\Button\btn_close_normal.png" hotimage="Theme\Button\btn_close_highlight.png" pushedimage="Theme\Button\btn_close_down.png" />
			</HorizontalLayout>
		</HorizontalLayout>
		<VerticalLayout bkimage="Theme\Line\v_line.png" height="1" />
		<VerticalLayout inset="10,15,10,10">
			<HorizontalLayout inset="10,10,10,10">
				<VerticalLayout bkimage="file='Theme\Button\bkimage.png' corner='3,3,3,3'" inset="10,15,10,10" childalign="center" childvalign="center">
				</VerticalLayout>
				<Label text="检测方式" float="true" pos="20,0,0,0" bkcolor="0xFFFEFEFE" width="60" height="20" />
			</HorizontalLayout>
			<HorizontalLayout inset="10,10,10,10">
				<VerticalLayout bkimage="file='Theme\Button\bkimage.png' corner='3,3,3,3'" inset="10,15,10,10" childalign="center" childvalign="center">
				</VerticalLayout>
				<Label text="保存探伤记录" float="true" pos="20,0,0,0" bkcolor="0xFFFEFEFE" width="90" height="20" />
			</HorizontalLayout>
			<HorizontalLayout inset="10,10,10,10">
				<VerticalLayout bkimage="file='Theme\Button\bkimage.png' corner='3,3,3,3'" inset="10,15,10,10" childalign="center" childvalign="center">
				</VerticalLayout>
				<Label text="钢管规格" float="true" pos="20,0,0,0" bkcolor="0xFFFEFEFE" width="60" height="20" />
			</HorizontalLayout>
			<HorizontalLayout inset="10,10,10,10">
				<VerticalLayout bkimage="file='Theme\Button\bkimage.png' corner='3,3,3,3'" inset="10,15,10,10" childalign="center" childvalign="center">
				</VerticalLayout>
				<Label text="探架延迟设置" float="true" pos="20,0,0,0" bkcolor="0xFFFEFEFE" width="90" height="20" />
			</HorizontalLayout>
			<HorizontalLayout inset="10,10,10,10">
				<VerticalLayout bkimage="file='Theme\Button\bkimage.png' corner='3,3,3,3'" inset="10,15,10,10" childalign="center" childvalign="center">
				</VerticalLayout>
				<Label text="主板卡" float="true" pos="20,0,0,0" bkcolor="0xFFFEFEFE" width="45" height="20" />
			</HorizontalLayout>
			<HorizontalLayout inset="10,10,10,10">
				<VerticalLayout bkimage="file='Theme\Button\bkimage.png' corner='3,3,3,3'" inset="10,15,10,10" childalign="center" childvalign="center">
				</VerticalLayout>
				<Label text="袋装图显示模式" float="true" pos="20,0,0,0" bkcolor="0xFFFEFEFE" width="105" height="20" />
			</HorizontalLayout>
		</VerticalLayout>
	</VerticalLayout>
</Window>