<?xml version="1.0" encoding="utf-8"?>
<Window size="860,600" caption="5,5,5,52" sizebox="10,10,10,10" mininfo="860,600" maxinfo="860,600">
	<Font name="楷体" size="14" default="true"/>
	<Font name="楷体" size="18" />
	<Font name="楷体" size="24" />
	<Font name="楷体" size="32" />
	<Font name="楷体" size="14" bold="true"/>
	<Font name="楷体" size="18" bold="true"/>
	<Font name="楷体" size="24" bold="true"/>
	<Font name="楷体" size="32" bold="true"/>

	<Default name="VScrollBar" value="button1normalimage=&quot;file='Theme\Scrollbar\scrollbar.bmp' source='0,90,16,106' mask='#FFFF00FF'&quot; button1hotimage=&quot;file='Theme\Scrollbar\scrollbar.bmp' source='18,90,34,106' mask='#FFFF00FF'&quot; button1pushedimage=&quot;file='Theme\Scrollbar\scrollbar.bmp' source='36,90,52,106' mask='#FFFF00FF'&quot; button1disabledimage=&quot;file='Theme\Scrollbar\scrollbar.bmp' source='54,90,70,106' mask='#FFFF00FF'&quot; button2normalimage=&quot;file='Theme\Scrollbar\scrollbar.bmp' source='0,108,16,124' mask='#FFFF00FF'&quot; button2hotimage=&quot;file='Theme\Scrollbar\scrollbar.bmp' source='18,108,34,124' mask='#FFFF00FF'&quot; button2pushedimage=&quot;file='Theme\Scrollbar\scrollbar.bmp' source='36,108,52,124' mask='#FFFF00FF'&quot; button2disabledimage=&quot;file='Theme\Scrollbar\scrollbar.bmp' source='54,108,70,124' mask='#FFFF00FF'&quot; thumbnormalimage=&quot;file='Theme\Scrollbar\scrollbar.bmp' source='0,126,16,142' corner='2,2,2,2' mask='#FFFF00FF'&quot; thumbhotimage=&quot;file='Theme\Scrollbar\scrollbar.bmp' source='18,126,34,142' corner='2,2,2,2' mask='#FFFF00FF'&quot; thumbpushedimage=&quot;file='Theme\Scrollbar\scrollbar.bmp' source='36,126,52,142' corner='2,2,2,2' mask='#FFFF00FF'&quot; thumbdisabledimage=&quot;file='Theme\Scrollbar\scrollbar.bmp' source='54,126,70,142' corner='2,2,2,2' mask='#FFFF00FF'&quot; railnormalimage=&quot;file='Theme\Scrollbar\scrollbar.bmp' source='0,144,16,160' corner='2,2,2,2' mask='#FFFF00FF'&quot; railhotimage=&quot;file='Theme\Scrollbar\scrollbar.bmp' source='18,144,34,160' corner='2,2,2,2' mask='#FFFF00FF'&quot; railpushedimage=&quot;file='Theme\Scrollbar\scrollbar.bmp' source='36,144,52,160' corner='2,2,2,2' mask='#FFFF00FF'&quot; raildisabledimage=&quot;file='Theme\Scrollbar\scrollbar.bmp' source='54,144,70,160' corner='2,2,2,2' mask='#FFFF00FF'&quot; bknormalimage=&quot;file='Theme\Scrollbar\scrollbar.bmp' source='0,162,16,178' corner='2,2,2,2' mask='#FFFF00FF'&quot; bkhotimage=&quot;file='Theme\Scrollbar\scrollbar.bmp' source='18,162,34,178' corner='2,2,2,2' mask='#FFFF00FF'&quot; bkpushedimage=&quot;file='Theme\Scrollbar\scrollbar.bmp' source='36,162,52,178' corner='2,2,2,2' mask='#FFFF00FF'&quot; bkdisabledimage=&quot;file='Theme\Scrollbar\scrollbar.bmp' source='54,162,70,178' corner='2,2,2,2' mask='#FFFF00FF'&quot; " />
	<Default name="HScrollBar" value="button1normalimage=&quot;file='Theme\Scrollbar\scrollbar.bmp' source='0,0,16,16' mask='#FFFF00FF'&quot; button1hotimage=&quot;file='Theme\Scrollbar\scrollbar.bmp' source='18,0,34,16' mask='#FFFF00FF'&quot; button1pushedimage=&quot;file='Theme\Scrollbar\scrollbar.bmp' source='36,0,52,16' mask='#FFFF00FF'&quot; button1disabledimage=&quot;file='Theme\Scrollbar\scrollbar.bmp' source='54,0,70,16' mask='#FFFF00FF'&quot; button2normalimage=&quot;file='Theme\Scrollbar\scrollbar.bmp' source='0,18,16,34' mask='#FFFF00FF'&quot; button2hotimage=&quot;file='Theme\Scrollbar\scrollbar.bmp' source='18,18,34,34' mask='#FFFF00FF'&quot; button2pushedimage=&quot;file='Theme\Scrollbar\scrollbar.bmp' source='36,18,52,34' mask='#FFFF00FF'&quot; button2disabledimage=&quot;file='Theme\Scrollbar\scrollbar.bmp' source='54,18,70,34' mask='#FFFF00FF'&quot; thumbnormalimage=&quot;file='Theme\Scrollbar\scrollbar.bmp' source='0,36,16,52' corner='2,2,2,2' mask='#FFFF00FF'&quot; thumbhotimage=&quot;file='Theme\Scrollbar\scrollbar.bmp' source='18,36,34,52' corner='2,2,2,2' mask='#FFFF00FF'&quot; thumbpushedimage=&quot;file='Theme\Scrollbar\scrollbar.bmp' source='36,36,52,52' corner='2,2,2,2' mask='#FFFF00FF'&quot; thumbdisabledimage=&quot;file='Theme\Scrollbar\scrollbar.bmp' source='54,36,70,52' corner='2,2,2,2' mask='#FFFF00FF'&quot; railnormalimage=&quot;file='Theme\Scrollbar\scrollbar.bmp' source='0,54,16,70' corner='2,2,2,2' mask='#FFFF00FF'&quot; railhotimage=&quot;file='Theme\Scrollbar\scrollbar.bmp' source='18,54,34,70' corner='2,2,2,2' mask='#FFFF00FF'&quot; railpushedimage=&quot;file='Theme\Scrollbar\scrollbar.bmp' source='36,54,52,70' corner='2,2,2,2' mask='#FFFF00FF'&quot; raildisabledimage=&quot;file='Theme\Scrollbar\scrollbar.bmp' source='54,54,70,70' corner='2,2,2,2' mask='#FFFF00FF'&quot; bknormalimage=&quot;file='Theme\Scrollbar\scrollbar.bmp' source='0,72,16,88' corner='2,2,2,2' mask='#FFFF00FF'&quot; bkhotimage=&quot;file='Theme\Scrollbar\scrollbar.bmp' source='18,72,34,88' corner='2,2,2,2' mask='#FFFF00FF'&quot; bkpushedimage=&quot;file='Theme\Scrollbar\scrollbar.bmp' source='36,72,52,88' corner='2,2,2,2' mask='#FFFF00FF'&quot; bkdisabledimage=&quot;file='Theme\Scrollbar\scrollbar.bmp' source='54,72,70,88' corner='2,2,2,2' mask='#FFFF00FF'&quot; " />
	<Default name="Button" value="align=&quot;center&quot; valign=&quot;center&quot; bkcolor=&quot;0xFFEEEEEE&quot; hotbkcolor=&quot;0xFF1874CD&quot;" />

	<VerticalLayout bkcolor="0xFFFEFEFE" bordersize="1" bordercolor="0xFFDDDDDD">
		<HorizontalLayout height="34" >
			<Label text="季度性能测试" font="0" bkimage="file='Theme\Button\union.png' dest='2,2,34,34'" textpadding="34,0,0,0" align="left" valign="center" />
		</HorizontalLayout>
		<VerticalLayout bkimage="Theme\Line\v_line.png" height="1"/>
		<HorizontalLayout>
			<VerticalLayout width="640">
				<VerticalLayout>
					<HorizontalLayout inset="10,10,10,10">
						<WindowUI name="WndOpenGL" bkcolor="0xFF000000" />
					</HorizontalLayout>
				</VerticalLayout>
				<VerticalLayout height="192">
					<Text name="TextHelp" multiline="true" text="探头放置CSK-IA试块距底面100mm处，然后点击确定" align="center" font="7" textcolor="0x6600ff" />
					<HorizontalLayout height="42">
						<HorizontalLayout />
						<HorizontalLayout width="80">
							<Button name="BtnConfirm"  text="确定" font="6" width="80" />
						</HorizontalLayout>
						<HorizontalLayout />
						<HorizontalLayout width="80">
							<Button name="BtnCancel" text="取消" font="6" width="80"/>
						</HorizontalLayout>
						<HorizontalLayout />
						<HorizontalLayout width="80">
							<Button name="IDCANCEL" text="退出" font="6" width="80"/>
						</HorizontalLayout>
						<HorizontalLayout />
					</HorizontalLayout>
					<HorizontalLayout height="20" />
				</VerticalLayout>
			</VerticalLayout>
			<VerticalLayout >
				<HorizontalLayout>
				</HorizontalLayout>
				<VerticalLayout height="400">
					<HorizontalLayout height="35">
						<Label text="当前通道:" align="center" width="96" height="35"/>
						<Combo name="ComboChannel" width="96" textpadding="4,1,1,1" normalimage="file='Theme\Combo\combo.png' source='0,0,100,22' corner='2,2,20,18'" hotimage="file='Theme\Combo\combo.png' source='0,22,100,44' corner='2,2,22,18'" pushedimage="file='Theme\Combo\combo.png' source='0,44,100,66' corner='2,2,22,18'" dropboxsize="0, 400">
							<ListLabelElement text="1" selected="true" height="35" />
							<ListLabelElement text="2" height="35" />
							<ListLabelElement text="3" height="35" />
							<ListLabelElement text="4" height="35" />
							<ListLabelElement text="5" height="35" />
							<ListLabelElement text="6" height="35" />
							<ListLabelElement text="7" height="35" />
							<ListLabelElement text="8" height="35" />
							<ListLabelElement text="9" height="35" />
							<ListLabelElement text="10" height="35" />
						</Combo>
					</HorizontalLayout>
					<HorizontalLayout height="20" />
					<HorizontalLayout height="35">
						<Label text="水平线性:" align="center" width="96" height="35"/>
						<Label name="LabelHorLinearity" align="center" bordersize="1" bordercolor="0x7F7F7F7F" width="96"/>
					</HorizontalLayout>
					<HorizontalLayout height="5" />
					<HorizontalLayout height="35">
						<Label text="分辨力:" align="center" width="96" height="35"/>
						<Label name="LabelResolution" align="center" bordersize="1" bordercolor="0x7F7F7F7F" width="96"/>
					</HorizontalLayout>
					<HorizontalLayout height="5" />
					<HorizontalLayout height="35">
						<Label text="垂直线性:" align="center" width="96" height="35"/>
						<Label name="LabelVerLinearity" align="center" bordersize="1" bordercolor="0x7F7F7F7F" width="96"/>
					</HorizontalLayout>
					<HorizontalLayout height="5" />
					<HorizontalLayout height="35">
						<Label text="动态范围:" align="center" width="96" height="35"/>
						<Label name="LabelDynamicRange" align="center" bordersize="1" bordercolor="0x7F7F7F7F" width="96"/>
					</HorizontalLayout>
					<HorizontalLayout height="5" />
					<HorizontalLayout height="35">
						<Label text="灵敏度余量:" align="center" width="96" height="35"/>
						<Label name="LabelSensitivity" align="center" bordersize="1" bordercolor="0x7F7F7F7F" width="96"/>
					</HorizontalLayout>
					<HorizontalLayout height="20" />
					<HorizontalLayout height="35">
						<Label text="位置:" align="center" width="96" height="35"/>
						<Label name="LabelLocation" align="center" bordersize="1" bordercolor="0x7F7F7F7F" width="96"/>
					</HorizontalLayout>
					<HorizontalLayout height="5" />
					<HorizontalLayout height="35">
						<Label text="波高:" align="center" width="96" height="35"/>
						<Label name="LabelHeight" align="center" bordersize="1" bordercolor="0x7F7F7F7F" width="96"/>
					</HorizontalLayout>
					<HorizontalLayout height="5" />
					<HorizontalLayout height="35">
						<Label text="增益:" align="center" width="96" height="35"/>
						<Label name="LabelGain" align="center" bordersize="1" bordercolor="0x7F7F7F7F" width="96"/>
					</HorizontalLayout>
				</VerticalLayout>				
				<HorizontalLayout>
				</HorizontalLayout>
			</VerticalLayout>
		</HorizontalLayout>
			
	</VerticalLayout>
</Window>
