<?xml version="1.0" encoding="utf-8"?>
<Window size="600,800" corner="5,5" caption="0,0,0,70" mininfo="600,800">
	<Font name="微软雅黑" size="16" />
	<Font name="微软雅黑" size="20" default="true"/>
	<Font name="微软雅黑" size="24" />
	<Font name="微软雅黑" size="28" />
	<Font name="微软雅黑" size="16" bold="true"/>
	<Font name="楷体" size="32" bold="true"/>

	<Default name="VScrollBar" value="button1normalimage=&quot;file='Theme\Scrollbar\scrollbar.bmp' source='0,90,16,106' mask='#FFFF00FF'&quot; button1hotimage=&quot;file='Theme\Scrollbar\scrollbar.bmp' source='18,90,34,106' mask='#FFFF00FF'&quot; button1pushedimage=&quot;file='Theme\Scrollbar\scrollbar.bmp' source='36,90,52,106' mask='#FFFF00FF'&quot; button1disabledimage=&quot;file='Theme\Scrollbar\scrollbar.bmp' source='54,90,70,106' mask='#FFFF00FF'&quot; button2normalimage=&quot;file='Theme\Scrollbar\scrollbar.bmp' source='0,108,16,124' mask='#FFFF00FF'&quot; button2hotimage=&quot;file='Theme\Scrollbar\scrollbar.bmp' source='18,108,34,124' mask='#FFFF00FF'&quot; button2pushedimage=&quot;file='Theme\Scrollbar\scrollbar.bmp' source='36,108,52,124' mask='#FFFF00FF'&quot; button2disabledimage=&quot;file='Theme\Scrollbar\scrollbar.bmp' source='54,108,70,124' mask='#FFFF00FF'&quot; thumbnormalimage=&quot;file='Theme\Scrollbar\scrollbar.bmp' source='0,126,16,142' corner='2,2,2,2' mask='#FFFF00FF'&quot; thumbhotimage=&quot;file='Theme\Scrollbar\scrollbar.bmp' source='18,126,34,142' corner='2,2,2,2' mask='#FFFF00FF'&quot; thumbpushedimage=&quot;file='Theme\Scrollbar\scrollbar.bmp' source='36,126,52,142' corner='2,2,2,2' mask='#FFFF00FF'&quot; thumbdisabledimage=&quot;file='Theme\Scrollbar\scrollbar.bmp' source='54,126,70,142' corner='2,2,2,2' mask='#FFFF00FF'&quot; railnormalimage=&quot;file='Theme\Scrollbar\scrollbar.bmp' source='0,144,16,160' corner='2,2,2,2' mask='#FFFF00FF'&quot; railhotimage=&quot;file='Theme\Scrollbar\scrollbar.bmp' source='18,144,34,160' corner='2,2,2,2' mask='#FFFF00FF'&quot; railpushedimage=&quot;file='Theme\Scrollbar\scrollbar.bmp' source='36,144,52,160' corner='2,2,2,2' mask='#FFFF00FF'&quot; raildisabledimage=&quot;file='Theme\Scrollbar\scrollbar.bmp' source='54,144,70,160' corner='2,2,2,2' mask='#FFFF00FF'&quot; bknormalimage=&quot;file='Theme\Scrollbar\scrollbar.bmp' source='0,162,16,178' corner='2,2,2,2' mask='#FFFF00FF'&quot; bkhotimage=&quot;file='Theme\Scrollbar\scrollbar.bmp' source='18,162,34,178' corner='2,2,2,2' mask='#FFFF00FF'&quot; bkpushedimage=&quot;file='Theme\Scrollbar\scrollbar.bmp' source='36,162,52,178' corner='2,2,2,2' mask='#FFFF00FF'&quot; bkdisabledimage=&quot;file='Theme\Scrollbar\scrollbar.bmp' source='54,162,70,178' corner='2,2,2,2' mask='#FFFF00FF'&quot; " />
	<Default name="HScrollBar" value="button1normalimage=&quot;file='Theme\Scrollbar\scrollbar.bmp' source='0,0,16,16' mask='#FFFF00FF'&quot; button1hotimage=&quot;file='Theme\Scrollbar\scrollbar.bmp' source='18,0,34,16' mask='#FFFF00FF'&quot; button1pushedimage=&quot;file='Theme\Scrollbar\scrollbar.bmp' source='36,0,52,16' mask='#FFFF00FF'&quot; button1disabledimage=&quot;file='Theme\Scrollbar\scrollbar.bmp' source='54,0,70,16' mask='#FFFF00FF'&quot; button2normalimage=&quot;file='Theme\Scrollbar\scrollbar.bmp' source='0,18,16,34' mask='#FFFF00FF'&quot; button2hotimage=&quot;file='Theme\Scrollbar\scrollbar.bmp' source='18,18,34,34' mask='#FFFF00FF'&quot; button2pushedimage=&quot;file='Theme\Scrollbar\scrollbar.bmp' source='36,18,52,34' mask='#FFFF00FF'&quot; button2disabledimage=&quot;file='Theme\Scrollbar\scrollbar.bmp' source='54,18,70,34' mask='#FFFF00FF'&quot; thumbnormalimage=&quot;file='Theme\Scrollbar\scrollbar.bmp' source='0,36,16,52' corner='2,2,2,2' mask='#FFFF00FF'&quot; thumbhotimage=&quot;file='Theme\Scrollbar\scrollbar.bmp' source='18,36,34,52' corner='2,2,2,2' mask='#FFFF00FF'&quot; thumbpushedimage=&quot;file='Theme\Scrollbar\scrollbar.bmp' source='36,36,52,52' corner='2,2,2,2' mask='#FFFF00FF'&quot; thumbdisabledimage=&quot;file='Theme\Scrollbar\scrollbar.bmp' source='54,36,70,52' corner='2,2,2,2' mask='#FFFF00FF'&quot; railnormalimage=&quot;file='Theme\Scrollbar\scrollbar.bmp' source='0,54,16,70' corner='2,2,2,2' mask='#FFFF00FF'&quot; railhotimage=&quot;file='Theme\Scrollbar\scrollbar.bmp' source='18,54,34,70' corner='2,2,2,2' mask='#FFFF00FF'&quot; railpushedimage=&quot;file='Theme\Scrollbar\scrollbar.bmp' source='36,54,52,70' corner='2,2,2,2' mask='#FFFF00FF'&quot; raildisabledimage=&quot;file='Theme\Scrollbar\scrollbar.bmp' source='54,54,70,70' corner='2,2,2,2' mask='#FFFF00FF'&quot; bknormalimage=&quot;file='Theme\Scrollbar\scrollbar.bmp' source='0,72,16,88' corner='2,2,2,2' mask='#FFFF00FF'&quot; bkhotimage=&quot;file='Theme\Scrollbar\scrollbar.bmp' source='18,72,34,88' corner='2,2,2,2' mask='#FFFF00FF'&quot; bkpushedimage=&quot;file='Theme\Scrollbar\scrollbar.bmp' source='36,72,52,88' corner='2,2,2,2' mask='#FFFF00FF'&quot; bkdisabledimage=&quot;file='Theme\Scrollbar\scrollbar.bmp' source='54,72,70,88' corner='2,2,2,2' mask='#FFFF00FF'&quot; " />

	<VerticalLayout name="VLBackground"  >
		<HorizontalLayout height="60" >
			<HorizontalLayout width="4"/>
			<Label name="LabelFileStorageManagement" text="工艺存储管理" autocalcwidth="true" height="60" align="left" valign="center" font="5" textcolor="0x7FFFFFFF"/>
			<HorizontalLayout />
			<HorizontalLayout width="40">
				<Button float="true" pos="0,0,0,0" name="IDCANCEL" tooltip="关闭"  width="39" height="19" normalimage="Theme\Button\btn_close_normal.png" hotimage="Theme\Button\btn_close_highlight.png" pushedimage="Theme\Button\btn_close_down.png"/>
			</HorizontalLayout>
		</HorizontalLayout>
		<VerticalLayout  bkcolor="0xFFEDEEEE">

			<VerticalLayout bkimage="Theme\Line\v_line.png" height="1"/>
			<VerticalLayout>
				<TabLayout name="TabType">
					<VerticalLayout>
						<HorizontalLayout>
				
							<List name="TechFileList" header="hidden" itemalign="center" bordersize="1" bkcolor="#FFFFFFFF" itemtextpadding="5,0,0,0" itemtextcolor="#FF000000" itembkcolor="#FFFFFFFF" itemselectedtextcolor="#FF000000" itemselectedbkcolor="#FFC1E3FF" itemhottextcolor="#FF000000" itemhotbkcolor="#FFE9F5FF" itemdisabledtextcolor="#FFCCCCCC" itemdisabledbkcolor="#FFFFFFFF" vscrollbar="true" hscrollbar="true">
							</List>
						</HorizontalLayout>
						<VerticalLayout bkimage="Theme\Line\v_line.png" height="1"/>
						<VerticalLayout height="120" bkcolor="0xFFEDEEEE">
						
								<VerticalLayout>
									<HorizontalLayout height="5"/>
									<HorizontalLayout>
										<Label name="LabelTech" text="工艺名称:" width="120" align="right"/>

										<Edit name="EditTech" bordersize="1" bordercolor="0x7F7F7F7F"/>
										<HorizontalLayout width="10"/>

									</HorizontalLayout>
									<HorizontalLayout height="5"/>
								</VerticalLayout>
								<VerticalLayout>
									<HorizontalLayout height="5"/>
									<HorizontalLayout name="LayoutTechSave">
										<HorizontalLayout />
										<Button name="BtnSaveTech" text="保存" width="150" textcolor="0xFFFFFFFF" bkcolor="0xFF306090" pushedbkcolor="0x7FFEFEFE" />
										<HorizontalLayout width="20"/>
										<Button name="IDCANCEL1" text="退出" width="150" textcolor="0xFFFFFFFF" bkcolor="0xFF7F7F7F" pushedbkcolor="0x7FFEFEFE" />
										<HorizontalLayout />
									</HorizontalLayout>
									
									<HorizontalLayout name="LayoutReadRead">
										<HorizontalLayout />
										<Button name="BtnLoadTech" text="调用" width="150" textcolor="0xFFFFFFFF" bkcolor="0xFF306090" pushedbkcolor="0x7FFEFEFE" />
										<HorizontalLayout width="10"/>
										<Button name="BtnDeleteTech" text="删除" width="150" textcolor="0xFFFFFFFF" bkcolor="0xFF306090" pushedbkcolor="0x7FFEFEFE" />
										<HorizontalLayout width="10"/>
										<Button name="IDCANCEL1" text="退出" width="150" textcolor="0xFFFFFFFF" bkcolor="0xFF7F7F7F" pushedbkcolor="0x7FFEFEFE" />
										<HorizontalLayout />
									</HorizontalLayout>
									<HorizontalLayout height="5"/>
								</VerticalLayout>
						

						</VerticalLayout>
					</VerticalLayout>

				</TabLayout>
			</VerticalLayout>
		</VerticalLayout>
	</VerticalLayout>
</Window>