<?xml version="1.0" encoding="utf-8"?>
<Window size="600,480" caption="5,5,5,52" sizebox="10,10,10,10" mininfo="600,480" maxinfo="600,480">
	<Font name="楷体" size="14" default="true" />
	<Font name="楷体" size="18" />
	<Font name="楷体" size="24" />
	<Font name="楷体" size="32" />
	<Font name="楷体" size="14" bold="true" />
	<Font name="楷体" size="18" bold="true" />
	<Font name="楷体" size="24" bold="true" />
	<Font name="楷体" size="32" bold="true" />

	<Default name="VScrollBar" value="button1normalimage=&quot;file='Theme\Scrollbar\scrollbar.bmp' source='0,90,16,106' mask='#FFFF00FF'&quot; button1hotimage=&quot;file='Theme\Scrollbar\scrollbar.bmp' source='18,90,34,106' mask='#FFFF00FF'&quot; button1pushedimage=&quot;file='Theme\Scrollbar\scrollbar.bmp' source='36,90,52,106' mask='#FFFF00FF'&quot; button1disabledimage=&quot;file='Theme\Scrollbar\scrollbar.bmp' source='54,90,70,106' mask='#FFFF00FF'&quot; button2normalimage=&quot;file='Theme\Scrollbar\scrollbar.bmp' source='0,108,16,124' mask='#FFFF00FF'&quot; button2hotimage=&quot;file='Theme\Scrollbar\scrollbar.bmp' source='18,108,34,124' mask='#FFFF00FF'&quot; button2pushedimage=&quot;file='Theme\Scrollbar\scrollbar.bmp' source='36,108,52,124' mask='#FFFF00FF'&quot; button2disabledimage=&quot;file='Theme\Scrollbar\scrollbar.bmp' source='54,108,70,124' mask='#FFFF00FF'&quot; thumbnormalimage=&quot;file='Theme\Scrollbar\scrollbar.bmp' source='0,126,16,142' corner='2,2,2,2' mask='#FFFF00FF'&quot; thumbhotimage=&quot;file='Theme\Scrollbar\scrollbar.bmp' source='18,126,34,142' corner='2,2,2,2' mask='#FFFF00FF'&quot; thumbpushedimage=&quot;file='Theme\Scrollbar\scrollbar.bmp' source='36,126,52,142' corner='2,2,2,2' mask='#FFFF00FF'&quot; thumbdisabledimage=&quot;file='Theme\Scrollbar\scrollbar.bmp' source='54,126,70,142' corner='2,2,2,2' mask='#FFFF00FF'&quot; railnormalimage=&quot;file='Theme\Scrollbar\scrollbar.bmp' source='0,144,16,160' corner='2,2,2,2' mask='#FFFF00FF'&quot; railhotimage=&quot;file='Theme\Scrollbar\scrollbar.bmp' source='18,144,34,160' corner='2,2,2,2' mask='#FFFF00FF'&quot; railpushedimage=&quot;file='Theme\Scrollbar\scrollbar.bmp' source='36,144,52,160' corner='2,2,2,2' mask='#FFFF00FF'&quot; raildisabledimage=&quot;file='Theme\Scrollbar\scrollbar.bmp' source='54,144,70,160' corner='2,2,2,2' mask='#FFFF00FF'&quot; bknormalimage=&quot;file='Theme\Scrollbar\scrollbar.bmp' source='0,162,16,178' corner='2,2,2,2' mask='#FFFF00FF'&quot; bkhotimage=&quot;file='Theme\Scrollbar\scrollbar.bmp' source='18,162,34,178' corner='2,2,2,2' mask='#FFFF00FF'&quot; bkpushedimage=&quot;file='Theme\Scrollbar\scrollbar.bmp' source='36,162,52,178' corner='2,2,2,2' mask='#FFFF00FF'&quot; bkdisabledimage=&quot;file='Theme\Scrollbar\scrollbar.bmp' source='54,162,70,178' corner='2,2,2,2' mask='#FFFF00FF'&quot; " />
	<Default name="HScrollBar" value="button1normalimage=&quot;file='Theme\Scrollbar\scrollbar.bmp' source='0,0,16,16' mask='#FFFF00FF'&quot; button1hotimage=&quot;file='Theme\Scrollbar\scrollbar.bmp' source='18,0,34,16' mask='#FFFF00FF'&quot; button1pushedimage=&quot;file='Theme\Scrollbar\scrollbar.bmp' source='36,0,52,16' mask='#FFFF00FF'&quot; button1disabledimage=&quot;file='Theme\Scrollbar\scrollbar.bmp' source='54,0,70,16' mask='#FFFF00FF'&quot; button2normalimage=&quot;file='Theme\Scrollbar\scrollbar.bmp' source='0,18,16,34' mask='#FFFF00FF'&quot; button2hotimage=&quot;file='Theme\Scrollbar\scrollbar.bmp' source='18,18,34,34' mask='#FFFF00FF'&quot; button2pushedimage=&quot;file='Theme\Scrollbar\scrollbar.bmp' source='36,18,52,34' mask='#FFFF00FF'&quot; button2disabledimage=&quot;file='Theme\Scrollbar\scrollbar.bmp' source='54,18,70,34' mask='#FFFF00FF'&quot; thumbnormalimage=&quot;file='Theme\Scrollbar\scrollbar.bmp' source='0,36,16,52' corner='2,2,2,2' mask='#FFFF00FF'&quot; thumbhotimage=&quot;file='Theme\Scrollbar\scrollbar.bmp' source='18,36,34,52' corner='2,2,2,2' mask='#FFFF00FF'&quot; thumbpushedimage=&quot;file='Theme\Scrollbar\scrollbar.bmp' source='36,36,52,52' corner='2,2,2,2' mask='#FFFF00FF'&quot; thumbdisabledimage=&quot;file='Theme\Scrollbar\scrollbar.bmp' source='54,36,70,52' corner='2,2,2,2' mask='#FFFF00FF'&quot; railnormalimage=&quot;file='Theme\Scrollbar\scrollbar.bmp' source='0,54,16,70' corner='2,2,2,2' mask='#FFFF00FF'&quot; railhotimage=&quot;file='Theme\Scrollbar\scrollbar.bmp' source='18,54,34,70' corner='2,2,2,2' mask='#FFFF00FF'&quot; railpushedimage=&quot;file='Theme\Scrollbar\scrollbar.bmp' source='36,54,52,70' corner='2,2,2,2' mask='#FFFF00FF'&quot; raildisabledimage=&quot;file='Theme\Scrollbar\scrollbar.bmp' source='54,54,70,70' corner='2,2,2,2' mask='#FFFF00FF'&quot; bknormalimage=&quot;file='Theme\Scrollbar\scrollbar.bmp' source='0,72,16,88' corner='2,2,2,2' mask='#FFFF00FF'&quot; bkhotimage=&quot;file='Theme\Scrollbar\scrollbar.bmp' source='18,72,34,88' corner='2,2,2,2' mask='#FFFF00FF'&quot; bkpushedimage=&quot;file='Theme\Scrollbar\scrollbar.bmp' source='36,72,52,88' corner='2,2,2,2' mask='#FFFF00FF'&quot; bkdisabledimage=&quot;file='Theme\Scrollbar\scrollbar.bmp' source='54,72,70,88' corner='2,2,2,2' mask='#FFFF00FF'&quot; " />
	<Default name="Button" value="align=&quot;center&quot; valign=&quot;center&quot; bkcolor=&quot;0xFFEEEEEE&quot; hotbkcolor=&quot;0xFF1874CD&quot;" />

	<VerticalLayout bkcolor="0xFFFEFEFE" bordersize="1" bordercolor="0xFFDDDDDD">
		<HorizontalLayout height="34">
			<VerticalLayout width="34" height="34">
				<VerticalLayout height="1" />
				<HorizontalLayout>
					<HorizontalLayout width="1" />
					<Button name="BtnLayoutBack" width="32" height="32" bkimage="Theme\Button\btn_back.png" hotimage="Theme\Button\btn_back_hot.png" bkcolor="0xFFFEFEFE" />
				</HorizontalLayout>
			</VerticalLayout>
			<Label text="人员管理" font="0" bkimage="file='Theme\Button\union.png' dest='2,2,34,34'" textpadding="34,0,0,0" align="left" valign="center" />
			<HorizontalLayout width="40">
				<Button float="true" pos="0,0,0,0" name="closebtn" tooltip="关闭" width="39" height="19" bkcolor="" normalimage="Theme\Button\btn_close_normal.png" hotimage="Theme\Button\btn_close_highlight.png" pushedimage="Theme\Button\btn_close_down.png" />
			</HorizontalLayout>
		</HorizontalLayout>
		<VerticalLayout bkimage="Theme\Line\v_line.png" height="1" />

		<VerticalLayout name="LayoutSignIn" visible="false" pos="0,35,600,480" float="true">
			<VerticalLayout>
			</VerticalLayout>
			<VerticalLayout height="240">
				<VerticalLayout>
					<HorizontalLayout height="60">
						<HorizontalLayout>
						</HorizontalLayout>
						<Label text="姓名/工号:" align="center" height="60" width="200" font="7"/>
						<Edit name="EditSignInNameOrNumber"  maxchar="20" height="60" width="320" tipvalue="姓名/工号" bordercolor="0x7F7F7F7F" bordersize="1" font="7"/>
						<HorizontalLayout width="50" />
						<HorizontalLayout>
						</HorizontalLayout>
					</HorizontalLayout>
					<HorizontalLayout height="20" />
					<HorizontalLayout height="60">
						<HorizontalLayout>
						</HorizontalLayout>
						<Label text="密码:" align="center" height="60" width="200" font="7"/>
						<Edit font="7" name="EditSignInPwd"  maxchar="20" height="60" width="320" tipvalue="密码" password="true" bordercolor="0x7F7F7F7F" bordersize="1" />
						<HorizontalLayout width="50" />
						<HorizontalLayout>
						</HorizontalLayout>
					</HorizontalLayout>
					<HorizontalLayout height="20" />
					<HorizontalLayout height="80">
						<HorizontalLayout>
						</HorizontalLayout>
						<Button name="BtnSignInLogin" width="80" height="60" text="登陆" font="7"/>
						<HorizontalLayout width="50" />
						<Button name="BtnSignInSignUp" width="80" height="60" text="注册" font="7"/>
						<HorizontalLayout width="50" />
						<HorizontalLayout>
						</HorizontalLayout>
					</HorizontalLayout>
				</VerticalLayout>
			</VerticalLayout>
			<VerticalLayout>
			</VerticalLayout>
		</VerticalLayout>

		<VerticalLayout name="LayoutSignUp" visible="false" pos="0,35,600,480" float="true">
			<HorizontalLayout />
			<VerticalLayout height="320">
				<HorizontalLayout height="32">
					<HorizontalLayout>
					</HorizontalLayout>
					<Label text="姓名:" height="32" width="80" />
					<Edit name="EditSignUpName" maxchar="20" height="32" width="160" tipvalue="姓名" bordercolor="0x7F7F7F7F" bordersize="1" />
					<HorizontalLayout width="50" />
					<HorizontalLayout>
					</HorizontalLayout>
				</HorizontalLayout>
				<HorizontalLayout height="10" />
				<HorizontalLayout height="32">
					<HorizontalLayout>
					</HorizontalLayout>
					<Label text="工号:" height="32" width="80" />
					<Edit name="EditSignUpNumber" maxchar="20" height="32" width="160" tipvalue="工号" bordercolor="0x7F7F7F7F" bordersize="1" />
					<HorizontalLayout width="50" />
					<HorizontalLayout>
					</HorizontalLayout>
				</HorizontalLayout>
				<HorizontalLayout height="10" />
				<HorizontalLayout height="32">
					<HorizontalLayout>
					</HorizontalLayout>
					<Label text="密码:" height="32" width="80" />
					<Edit name="EditSignUpPwd" height="32" maxchar="20" width="160" tipvalue="密码" password="true" bordercolor="0x7F7F7F7F" bordersize="1" />
					<HorizontalLayout width="50" />
					<HorizontalLayout>
					</HorizontalLayout>
				</HorizontalLayout>
				<HorizontalLayout height="10" />
				<HorizontalLayout height="32">
					<HorizontalLayout>
					</HorizontalLayout>
					<Label text="确认密码:" height="32" width="80" />
					<Edit name="EditSignUpPwdVerify" maxchar="20" height="32" width="160" tipvalue="再次输入密码" password="true" bordercolor="0x7F7F7F7F" bordersize="1" />
					<HorizontalLayout width="50" />
					<HorizontalLayout>
					</HorizontalLayout>
				</HorizontalLayout>
				<HorizontalLayout height="10" />
				<HorizontalLayout height="32">
					<HorizontalLayout>
					</HorizontalLayout>
					<Label text="备注:" height="32" width="80" />
					<Edit name="EditSignUpRemark" maxchar="40" height="32" width="160" tipvalue="备注(可空)" bordercolor="0x7F7F7F7F" bordersize="1" />
					<HorizontalLayout width="50" />
					<HorizontalLayout>
					</HorizontalLayout>
				</HorizontalLayout>
				<HorizontalLayout height="20" />
				<HorizontalLayout height="32">
					<HorizontalLayout>
					</HorizontalLayout>
					<Button name="BtnSignUpSignUp" width="80" height="32" text="注册" />
					<HorizontalLayout width="50" />
					<HorizontalLayout>
					</HorizontalLayout>
				</HorizontalLayout>
			</VerticalLayout>
			<HorizontalLayout />
		</VerticalLayout>

		<HorizontalLayout name="LayoutManagement" visible="false" pos="0,35,600,480" float="true">
			<HorizontalLayout>
				<HorizontalLayout>
					<HorizontalLayout width="1" />
					<VerticalLayout>
						<List name="ListUser" itemalign="center" inset="1,1,1,1" bordersize="1" bordercolor="0x7F7F7F7F" bkcolor="#FFFFFFFF" itemtextpadding="5,0,0,0" itemtextcolor="#FF000000" itembkcolor="#FFFFFFFF" itemselectedtextcolor="#FF000000" itemselectedbkcolor="#FFC1E3FF" itemhottextcolor="#FF000000" itemhotbkcolor="#FFE9F5FF" itemdisabledtextcolor="#FFCCCCCC" itemdisabledbkcolor="#FFFFFFFF" vscrollbar="true" hscrollbar="true">
							<ListHeader name="ListACGInfoHeader" bkimage="Theme\List\list_header_bg.png">
								<ListHeaderItem text="ID" width="60" height="40" minwidth="16" sepwidth="1" align="center" hotimage="Theme\List\list_header_hot.png" pushedimage="Theme\List\list_header_pushed.png" sepimage="Theme\List\list_header_sep.png" />
								<ListHeaderItem text="用户名" width="150" height="40" minwidth="16" sepwidth="1" align="center" hotimage="Theme\List\list_header_hot.png" pushedimage="Theme\List\list_header_pushed.png" sepimage="Theme\List\list_header_sep.png" />
								<ListHeaderItem text="工号" width="150" height="40" minwidth="16" sepwidth="1" align="center" hotimage="Theme\List\list_header_hot.png" pushedimage="Theme\List\list_header_pushed.png" sepimage="Theme\List\list_header_sep.png" />
								<ListHeaderItem text="备注" width="150" height="40" minwidth="16" sepwidth="1" align="center" hotimage="Theme\List\list_header_hot.png" pushedimage="Theme\List\list_header_pushed.png" sepimage="Theme\List\list_header_sep.png" />
							</ListHeader>
						</List>
						<VerticalLayout height="1" />
					</VerticalLayout>
				</HorizontalLayout>
				<VerticalLayout width="87">
					<HorizontalLayout />
					<VerticalLayout>
						<HorizontalLayout>
							<HorizontalLayout />
							<Button name="BtnAddUser" width="60" height="32" text="新增" />
							<HorizontalLayout />
						</HorizontalLayout>
						<HorizontalLayout height="10" />
						<HorizontalLayout>
							<HorizontalLayout />
							<Button name="BtnDelUser" width="60" height="32" text="删除" />
							<HorizontalLayout />
						</HorizontalLayout>
						<HorizontalLayout height="10" />
						<HorizontalLayout>
							<HorizontalLayout />
							<Button name="BtnModUser" width="60" height="32" text="修改" />
							<HorizontalLayout />
						</HorizontalLayout>
						<HorizontalLayout height="10" />
						<HorizontalLayout>
							<HorizontalLayout />
							<Button name="BtnSignOut" width="60" height="32" text="登出" />
							<HorizontalLayout />
						</HorizontalLayout>
					</VerticalLayout>
					<HorizontalLayout />
				</VerticalLayout>
			</HorizontalLayout>
		</HorizontalLayout>

		<VerticalLayout name="LayoutModify" visible="false" pos="0,35,600,480" float="true">
			<HorizontalLayout />
			<VerticalLayout height="320">
				<HorizontalLayout height="32">
					<HorizontalLayout>
					</HorizontalLayout>
					<Label text="姓名:" height="32" width="80" />
					<Edit name="EditModifyName" maxchar="20" height="32" width="160" tipvalue="姓名" bordercolor="0x7F7F7F7F" bordersize="1" />
					<HorizontalLayout width="50" />
					<HorizontalLayout>
					</HorizontalLayout>
				</HorizontalLayout>
				<HorizontalLayout height="10" />
				<HorizontalLayout height="32">
					<HorizontalLayout>
					</HorizontalLayout>
					<Label text="原密码:" height="32" width="80" />
					<Edit name="EditModifyOriPwd" maxchar="20" height="32" width="160" tipvalue="原密码" password="true" bordercolor="0x7F7F7F7F" bordersize="1" />
					<HorizontalLayout width="50" />
					<HorizontalLayout>
					</HorizontalLayout>
				</HorizontalLayout>
				<HorizontalLayout height="10" />
				<HorizontalLayout height="32">
					<HorizontalLayout>
					</HorizontalLayout>
					<Label text="新密码:" height="32" width="80" />
					<Edit name="EditModifyPwd" maxchar="20" height="32" width="160" tipvalue="新密码" password="true" bordercolor="0x7F7F7F7F" bordersize="1" />
					<HorizontalLayout width="50" />
					<HorizontalLayout>
					</HorizontalLayout>
				</HorizontalLayout>
				<HorizontalLayout height="10" />
				<HorizontalLayout height="32">
					<HorizontalLayout>
					</HorizontalLayout>
					<Label text="确认密码:" height="32" width="80" />
					<Edit name="EditModifyPwdVerify" maxchar="20" height="32" width="160" tipvalue="再次输入密码" password="true" bordercolor="0x7F7F7F7F" bordersize="1" />
					<HorizontalLayout width="50" />
					<HorizontalLayout>
					</HorizontalLayout>
				</HorizontalLayout>
				<HorizontalLayout height="10" />
				<HorizontalLayout height="32">
					<HorizontalLayout>
					</HorizontalLayout>
					<Label text="备注:" height="32" width="80" />
					<Edit name="EditModifyRemark" maxchar="40" height="32" width="160" tipvalue="备注(可空)" bordercolor="0x7F7F7F7F" bordersize="1" />
					<HorizontalLayout width="50" />
					<HorizontalLayout>
					</HorizontalLayout>
				</HorizontalLayout>
				<HorizontalLayout height="20" />
				<HorizontalLayout height="32">
					<HorizontalLayout>
					</HorizontalLayout>
					<Button name="BtnModifyConfirm" width="80" height="32" text="确认修改" />
					<HorizontalLayout width="50" />
					<HorizontalLayout>
					</HorizontalLayout>
				</HorizontalLayout>
			</VerticalLayout>
			<HorizontalLayout />
		</VerticalLayout>
	</VerticalLayout>
</Window>